timestamp_utc,send_method,cu_limit,cu_price_micro_lamports,priority_fee_lamports,fee_cap_lamports,recent_fee_min,recent_fee_median,recent_fee_p90,recent_fee_max,recent_tps,recent_slots_per_second,message_size_bytes,instruction_count,account_count,writable_account_count,landed_within_1_slots,landed_within_2_slots,landed_within_3_slots,latency_ms,slot_delta,confirmation_status,rpc_status_has_error,signature,sent_slot,landed_slot
2026-04-15T18:58:34.992333+00:00,rpc,200000,1,1,5,0.0,0.0,0.0,0.0,3209.6883333333335,2.526666666666667,237,3,3,1,0,1,1,1515.9999999999911,2.0,confirmed,0,2Tfjt4DrR61tu4nWqWz8bqdEV5WD8pRK59E4B9zuZRYsmuVm7fUG7YwWR4TdgnNhfbBgQpzFELQ2MBAfxpvWtgiR,413441922,413441924.0
2026-04-15T18:58:38.465111+00:00,rpc,160000,1,1,5,0.0,0.0,0.0,0.0,3209.6883333333335,2.526666666666667,237,3,3,1,0,1,1,1438.0000000000023,2.0,confirmed,0,5BEoTQxh6UUtdeP6kv2DPtwp5UjxJJxMuJevTJieAg7MLXNG1sGzbN9NrJakAVKt21kFEgJ2oMdWhz8pDonNYZJ,413441931,413441933.0
2026-04-15T18:58:41.828635+00:00,rpc,250000,1,1,5,0.0,0.0,0.0,0.0,3204.5758333333333,2.5233333333333334,237,3,3,1,0,1,1,1515.9999999999911,2.0,confirmed,0,2hXdezx2uBtPKLCZ1Z8gCQyj2ms2Tv3GWgTvYx81WnqK36AR8Zd1dHMH8EAdX9QF4BD2pe7SUuzLeYxELk4cfeGq,413441939,413441941.0
2026-04-15T18:58:45.463546+00:00,rpc,300000,1,1,5,0.0,0.0,0.0,0.0,3204.5758333333333,2.5233333333333334,237,3,3,1,0,0,1,1453.9999999999936,3.0,confirmed,0,UQYTHtXKhiSuyMQUJmJpJo6cSPhdfvMCAzX8H3QSnizM9BwvpHdKodoMFVqzGybvJdgvRx7EgQjBhPYTAsz7J8F,413441948,413441951.0
2026-04-15T18:58:48.865116+00:00,rpc,200000,1,1,5,0.0,0.0,0.0,0.0,3204.5758333333333,2.5233333333333334,237,3,3,1,0,0,0,1374.999999999986,4.0,confirmed,0,4BQqL7vCUNUBXP2QFzYKfi5LdXZfT9f6oetaHmMNYo1FhDNQQzCyaQNaBcYPE5tebFsAcEgWykR2AfjV9D6vxMhS,413441956,413441960.0
2026-04-15T18:58:52.429332+00:00,rpc,160000,1,1,5,0.0,0.0,0.0,0.0,3204.5758333333333,2.5233333333333334,237,3,3,1,0,1,1,1610.0000000000136,2.0,confirmed,0,4DceKTzM63gxxPsgT7kCdY9J7RQP5n3KsQHntuJKfTihxjaZHjixWydzrKzPEPqCcrnB6zzuLe5ABUcuRFHCM9es,413441966,413441968.0
2026-04-15T18:58:55.991514+00:00,rpc,120000,1,1,5,0.0,0.0,0.0,0.0,3204.5758333333333,2.5233333333333334,237,3,3,1,0,0,1,1421.999999999997,3.0,confirmed,0,3Zt2SFuXDoz1DX6ekCYzo8kqPBLCwoh8xj11fchB7LGMrR5MUsjkNY1z1c9ggihnzy9m7ZxhERM1E25bbLDZRw2x,413441975,413441978.0
2026-04-15T18:58:59.336821+00:00,rpc,200000,1,1,5,0.0,0.0,0.0,0.0,3204.5758333333333,2.5233333333333334,237,3,3,1,0,0,1,1281.000000000006,3.0,confirmed,0,38aWVu67ecUyo5r13DtPEk7T9NwpSuTx2kg8JQPMgsg1vz7oQdwdHS7bF3bDcTzuLsAhRXmEw6pRGbFNs1XEqtpm,413441983,413441986.0
2026-04-15T18:59:02.605010+00:00,rpc,160000,1,1,5,0.0,0.0,0.0,0.0,3204.5758333333333,2.5233333333333334,237,3,3,1,0,1,1,1406.000000000006,2.0,confirmed,0,5LWygs3qhJQsB8Xo2NMamDMZVuR2WxeEAj9XuD6wmZo4paSsa3HSCd78Hf1L9QCUmX1z1myLkbLn1ZWh896DSkxx,413441991,413441993.0
2026-04-15T18:59:05.910518+00:00,rpc,250000,1,1,5,0.0,0.0,0.0,0.0,3204.5758333333333,2.5233333333333334,237,3,3,1,0,0,0,2233.9999999999804,5.0,confirmed,0,32SdNNMz85sy3AMaYLEEBv1rEFJtYVJzN8WCbt9271wzBvVQ1KbkrSFsE3j6SdWMARf7AdqijVXVdFar1AuVwxBW,413442000,413442005.0
2026-04-15T18:59:10.051936+00:00,rpc,250000,1,1,5,0.0,0.0,0.0,0.0,3204.5758333333333,2.5233333333333334,237,3,3,1,0,1,1,453.00000000000296,2.0,processed,0,RMce6ukMDVeXY2ctzhyAkimjJixM35fESXER39AcUv8R3KCr6u37VSc4taz6zghRTUaEU4cJJCuAWPAvvXqK1Wg,413442009,413442011.0
2026-04-15T18:59:12.432408+00:00,rpc,200000,1,1,5,0.0,0.0,0.0,0.0,3204.5758333333333,2.5233333333333334,237,3,3,1,0,0,1,1313.0000000000166,3.0,confirmed,0,4uCatH3daLgHH6YZjNaVCy6PPnJGdopqTqkh5uERaH3YLU95sa56cFUS52k3uFKqZ4PiS9zvxbXxE4FWLoq9PiFp,413442016,413442019.0
2026-04-15T18:59:15.688016+00:00,rpc,300000,1,1,5,0.0,0.0,0.0,0.0,3204.5758333333333,2.5233333333333334,237,3,3,1,0,1,1,1342.9999999999893,2.0,confirmed,0,2JhRLq8trQzHrEPa2W4uybjRDDM8QQi1T8dwdmF8YGHXhWb6zpagHjESQ5iaWF1HtR8D8EVphsa4ygNap1LyhVuj,413442024,413442026.0
2026-04-15T18:59:18.931875+00:00,rpc,120000,1,1,5,0.0,0.0,0.0,0.0,3204.5758333333333,2.5233333333333334,237,3,3,1,0,0,0,2967.999999999989,8.0,processed,0,2mS19pdCZSPTSkBBhUCbRURZTaYwdWTGBC6LjggTt7sXAwSChF6yYmb7dzWWHYgbUB612CQKRev5GisxcB7MyRq5,413442032,413442040.0
2026-04-15T18:59:23.820196+00:00,rpc,250000,1,1,5,0.0,0.0,0.0,0.0,3204.5758333333333,2.5233333333333334,237,3,3,1,0,0,0,2375.0,4.0,confirmed,0,5ZgeBvbnFA4fNcNZVqPnyy8heG7n3xWKwbyXTX1qX5pEJ8TEtjoZquYWnW4hdxue9Jojt7Lz9rN73VceRVTZEZYw,413442045,413442049.0
2026-04-15T18:59:28.108890+00:00,rpc,250000,1,1,5,0.0,0.0,0.0,0.0,3204.5758333333333,2.5233333333333334,237,3,3,1,0,0,1,1563.0000000000166,3.0,confirmed,0,5M13XV1j1kpCcCVnHJk1oLuKLTbjddv8ML4YTtQFGMaEporgbK4H6pdHjh4JT6pfaidzzx6QZbPbMLxFLMsxMktQ,413442055,413442058.0
2026-04-15T18:59:31.600429+00:00,rpc,200000,1,1,5,0.0,0.0,0.0,0.0,3204.5758333333333,2.5233333333333334,237,3,3,1,0,0,0,1311.9999999999834,4.0,confirmed,0,f3ytPBoYszpYvzjGcUqVkbJvCciFeKhBx4mHmwjsvhz5cFu2nj77iDnhWzJ7Ss1DcQCCepaHX1ZdsTSBjPAEPcf,413442064,413442068.0
2026-04-15T18:59:34.790586+00:00,rpc,200000,1,1,5,0.0,0.0,0.0,0.0,3204.5758333333333,2.5233333333333334,237,3,3,1,0,1,1,1375.0,2.0,confirmed,0,5rNSUyGccUk1XpSLMAVEkYp2jLCRvwtoBYQoJBNML1FzbdALThzr2VXWYBJRyTm9yCHQiSpFxAh8Xd6NL4QLeFLk,413442073,413442075.0
2026-04-15T18:59:38.048751+00:00,rpc,250000,1,1,5,0.0,0.0,0.0,0.0,3204.5758333333333,2.5233333333333334,237,3,3,1,0,1,1,2311.9999999999836,2.0,confirmed,0,2ti2dhWofW5j6UvgRUQUJox87WegKvtoNSFbWFSZzgRBbBAqMiJ8y9nFq8j6oKrEN9tm5gGqejCqRUUJw2B4hsK2,413442082,413442084.0
2026-04-15T18:59:44.637715+00:00,rpc,300000,1,1,5,0.0,0.0,0.0,0.0,3221.713333333333,2.5225,237,3,3,1,0,0,0,5467.999999999989,12.0,confirmed,0,2ntpRf497N48xuEAecLAxysPo26bqaRaVAVBJLR8kFYw8yWN6KFF1jJDeVAtZqqNscdMAdkE6gWtMWRXC6X3ZyM6,413442100,413442112.0
2026-04-15T18:59:52.610186+00:00,rpc,250000,1,1,5,0.0,0.0,0.0,0.0,3221.713333333333,2.5225,237,3,3,1,0,0,0,2906.000000000006,6.0,confirmed,0,5td7vwndSJXtJjDwiJyTfsBPsrnbKJw5WaMwE5zdNrrVuoYUmoRmrSnMF3H9Wu66BFfwQjkSv482aoqxLz5JHxZu,413442119,413442125.0
2026-04-15T18:59:57.406416+00:00,rpc,160000,1,1,5,0.0,0.0,0.0,0.0,3221.713333333333,2.5225,237,3,3,1,0,1,1,1484.0000000000089,2.0,confirmed,0,5oFz7XbEmDpvsqsVQFnzaBMVsPsJAqD3dutnhC67rvs6GJZkqQCSN2VJY1WFBXjagbVbNFfBDiF32GBezbydZAGP,413442131,413442133.0
2026-04-15T19:00:00.829248+00:00,rpc,120000,1,1,5,0.0,0.0,0.0,0.0,3221.713333333333,2.5225,237,3,3,1,0,1,1,500.0,2.0,processed,0,43WySNgnVq3LZZynDE9cSZ3waMQUrRCy1cVT1FtjhmpEV3ZhTCCk5FJsoa187r1QG8LNrtCi5J3bSFYHtdjjJ8cK,413442140,413442142.0
2026-04-15T19:00:03.242432+00:00,rpc,160000,1,1,5,0.0,0.0,0.0,0.0,3221.713333333333,2.5225,237,3,3,1,0,1,1,1311.9999999999834,2.0,confirmed,0,5zH73hqRH6TQ3UrhSSBYxGNqHwCuXNbn1BLfcnea3RDmYDBhEm7JVVD2iReEUKmSoRAZvaoFoBcrmYHKzupTuRza,413442146,413442148.0
2026-04-15T19:00:06.460622+00:00,rpc,200000,1,1,5,0.0,0.0,0.0,0.0,3221.713333333333,2.5225,237,3,3,1,0,0,0,3875.0,10.0,confirmed,0,5GFgfJK5q8Jb4H5bs1SxeCKpyqF12fxZD35BuzkTZY5GiWXbR3FP33HBb5oUBZ6XXRSNTiqmYcMFpwWvAbN6DpEn,413442154,413442164.0
2026-04-15T19:00:12.223815+00:00,rpc,200000,1,1,5,0.0,0.0,0.0,0.0,3221.713333333333,2.5225,237,3,3,1,0,0,0,2156.000000000006,5.0,processed,0,5kfu3uVKV7rH67jVYmFbKWY4hziSmYhsseJE6qSKxmfdYndYBcvM1WqQs7kwDo2CoTi6tGqRNcR2N4fKq5eUY1iV,413442169,413442174.0
2026-04-15T19:00:16.250923+00:00,rpc,160000,1,1,5,0.0,0.0,0.0,0.0,3221.713333333333,2.5225,237,3,3,1,0,0,0,2186.9999999999836,5.0,confirmed,0,2JmeqmyrxeYawfAGM9jkgdWoCWrd9X4ZHNgpnrrnJ7NvkcG7qK3TP9iiLoZAQWedr4xrqQauaC4bKqMPY1SFYUdw,413442179,413442184.0
2026-04-15T19:00:20.305107+00:00,rpc,200000,1,1,5,0.0,0.0,0.0,0.0,3221.713333333333,2.5225,237,3,3,1,0,0,0,2139.9999999999864,5.0,confirmed,0,4KvrEZNZQppFUdvGmzhuxuagQ9VynPy6m9EmXtAezcLYV3HqnFTMUJRTXcNKnkrxLVNdqXJVf63RpumHymEHPFGM,413442189,413442194.0
2026-04-15T19:00:24.350187+00:00,rpc,160000,1,1,5,0.0,0.0,0.0,0.0,3221.713333333333,2.5225,237,3,3,1,0,0,1,1592.9999999999893,3.0,confirmed,0,3JpXfMFYHHEUBu5awj3CsKx2SuXto8Qop8aeGWLrC5e7uSBz7pnidiXeowfYV3pv69CvqgCukbgQuFdfCruDMGX1,413442200,413442203.0
2026-04-15T19:00:27.841968+00:00,rpc,160000,1,1,5,0.0,0.0,0.0,0.0,3221.713333333333,2.5225,237,3,3,1,0,1,1,1421.999999999997,2.0,confirmed,0,5eQVDFJVFKbJfgw3AhL2ZDHWVXtZPEss7wAoKZZwb56qmzrdN2xALQBQzw7nnbLmRBueWb6yj3CMLEf5ty1sCxzC,413442210,413442212.0
2026-04-15T19:00:31.129090+00:00,rpc,300000,1,1,5,0.0,0.0,0.0,0.0,3221.713333333333,2.5225,237,3,3,1,0,1,1,1360.0000000000136,2.0,confirmed,0,5SrB7GsBHxifzFUvFZLdbJarYc62DHCrvjRpsE8WFXKLikdaxvx9YdHxdectuD725Mq3WEnodZSbQhqm61HixWZ6,413442219,413442221.0
2026-04-15T19:00:34.435213+00:00,rpc,200000,1,1,5,0.0,0.0,0.0,0.0,3221.713333333333,2.5225,237,3,3,1,0,1,1,485.00000000001364,2.0,processed,0,3yLjJttwMKGZCsKLKbuUzZPCCqSGDqvUxEKUDVStv5LFY9KSTco6BEpjXVX9odXq2CaGUX2zCce6pR9HUVHfFaZP,413442227,413442229.0
2026-04-15T19:00:36.836902+00:00,rpc,250000,1,1,5,0.0,0.0,0.0,0.0,3221.713333333333,2.5225,237,3,3,1,0,0,1,1328.000000000003,3.0,confirmed,0,4TipSbtFhggvDQBVGdGPo1MHzKdYxHoRMbNyhW58HpCZo1aa1v4V3UxeJVf4ssUE8bVjXdcJ6fbnsNdXVkDp6LZi,413442232,413442235.0
2026-04-15T19:00:40.012955+00:00,rpc,160000,1,1,5,0.0,0.0,0.0,0.0,3221.713333333333,2.5225,237,3,3,1,0,0,1,1282.0000000000107,3.0,confirmed,0,gjbu8q4mrDvG7Do3NHWDWzXqn99Td1joMQznxN7Ev3Pk6zUQmkp4CUD7yTKeYz9XMiNKi33osTzvhxKkrWg6u8H,413442239,413442242.0
2026-04-15T19:00:43.209582+00:00,rpc,200000,1,1,5,0.0,0.0,0.0,0.0,3247.8533333333335,2.5225,237,3,3,1,0,0,1,1328.000000000003,3.0,confirmed,0,nDV3bRcsWUPhApt2hpZUXr4btcZx5x6ekRYhExhVRqUjYQoQMQgiQAgDSr2zL5mpF3gWq1Uv4dwurELbfYamKfS,413442248,413442251.0
2026-04-15T19:00:46.487495+00:00,rpc,160000,1,1,5,0.0,0.0,0.0,0.0,3247.8533333333335,2.5225,237,3,3,1,0,0,0,2266.0000000000196,4.0,confirmed,0,5YcLpAW78TJbhWKJq5QJoGVoH355Rb6hb7SDtcisi4goJsptgszd4skTNjnS7VAxBfiFe5etME3VGufCz7zBWqC2,413442257,413442261.0
2026-04-15T19:00:50.656792+00:00,rpc,300000,1,1,5,0.0,0.0,0.0,0.0,3247.8533333333335,2.5225,237,3,3,1,0,0,1,1375.0,3.0,confirmed,0,2yxsGVi1RsAV1bX47qytetFNjE3f8gtuYC7dN5QznSuKpUC3zVA4TXCdQM145cQvMLngkceDw36sHQp1AF4XpgVT,413442267,413442270.0
2026-04-15T19:00:53.910255+00:00,rpc,250000,1,1,5,0.0,0.0,0.0,0.0,3247.8533333333335,2.5225,237,3,3,1,0,1,1,1311.9999999999834,2.0,confirmed,0,MfEppmNEwkXLKYSPWZvHYcyYPbkfJzb3zmSoCX1w6WFHrcibjBvi83VKobR8N3m5KVZegp6GnxJso827qtrNpPq,413442276,413442278.0
2026-04-15T19:00:57.131777+00:00,rpc,300000,1,1,5,0.0,0.0,0.0,0.0,3247.8533333333335,2.5225,237,3,3,1,0,1,1,1327.9999999999745,2.0,confirmed,0,8DnkmKhADifZu88GkvwhsSpcNWciYZiXki4TKKpXsEj9cumUTcG5LVzH3YjWDKqoTqMpVahozKCRmWH4G7YiRQV,413442284,413442286.0
2026-04-15T19:01:00.304280+00:00,rpc,160000,1,1,5,0.0,0.0,0.0,0.0,3247.8533333333335,2.5225,237,3,3,1,0,0,0,1390.9999999999627,4.0,processed,0,46MRjA3Ceqj1emxqCZf3P6wbBNEu9xHnH1T3RsiTu4ij7P1pzzfd3oBzqAPqooCgxWoou3mnL6ah3TSjbbNT22R9,413442292,413442296.0
2026-04-15T19:01:03.625002+00:00,rpc,200000,1,1,5,0.0,0.0,0.0,0.0,3247.8533333333335,2.5225,237,3,3,1,0,1,1,1391.0000000000196,2.0,confirmed,0,4vZtwLvm9vfA7UqwDtgdpTc1cNe6PxWgcMmyLDntBmKqy74AKTU5Dd8pyeC9GQmfXpUP9iJJSqnovutZFFb5SP5Z,413442301,413442303.0
2026-04-15T19:01:06.863587+00:00,rpc,200000,1,1,5,0.0,0.0,0.0,0.0,3247.8533333333335,2.5225,237,3,3,1,0,0,1,1375.0,3.0,confirmed,0,tVkKCPHrQqnGZJBCPhzQWPcgEukPFMW3xU67m97LJZ9P37Wrores1vRHCKj6QaMDHp8j31yZpAPajZ7HdVMUK7t,413442309,413442312.0
2026-04-15T19:01:10.182807+00:00,rpc,200000,1,1,5,0.0,0.0,0.0,0.0,3247.8533333333335,2.5225,237,3,3,1,0,0,0,2078.0000000000314,5.0,confirmed,0,2E9HeEgKw8JEu2Kc9YtMkhCaKpwfkKCxALtz1uhkaTfVMeNPR498GpZeDShy5ABxjsZTWxLho8HKLUfPZbDy7cjp,413442318,413442323.0
2026-04-15T19:01:14.158989+00:00,rpc,300000,1,1,5,0.0,0.0,0.0,0.0,3247.8533333333335,2.5225,237,3,3,1,0,1,1,468.9999999999941,2.0,processed,0,tygb8wjQT882u6j6gxPRHskYY8sLZRyPsWGELxi2hG5aq2Z3bNLVqakiHMWPdCchSRFJXN9EUu3Z1QRhAmQcCX5,413442328,413442330.0
2026-04-15T19:01:16.539484+00:00,rpc,120000,1,1,5,0.0,0.0,0.0,0.0,3247.8533333333335,2.5225,237,3,3,1,0,0,0,2250.0,6.0,processed,0,2T2fgXCx8q86WQXzojXgTCxfxANyCjWKPJ2SVsSLVjJxSLhtZjgU6zgNcGHt6AEXHVeYnJhaPTm5EHZEoMGwTjde,413442334,413442340.0
2026-04-15T19:01:20.704242+00:00,rpc,160000,1,1,5,0.0,0.0,0.0,0.0,3247.8533333333335,2.5225,237,3,3,1,0,0,0,2171.9999999999686,4.0,confirmed,0,25o3a5vDBAaRpjd8TrFYQfeTJhovvqm4yYgaBojkA2b1qSErKsKKWtr1xKNQZNxAxhPBp8aG7SPZUAKq4x4jbHpD,413442344,413442348.0
2026-04-15T19:01:24.772524+00:00,rpc,250000,1,1,5,0.0,0.0,0.0,0.0,3247.8533333333335,2.5225,237,3,3,1,0,1,1,1264.9999999999864,2.0,confirmed,0,SX3zGNQaCzWg7ji3XnW9yexe7BbRotdWLeKBCxS5LtF4thDbAFcsWJbkPsMtJdsJjznaWpFRFA8Raom434jmyHf,413442355,413442357.0
2026-04-15T19:01:27.917297+00:00,rpc,120000,1,1,5,0.0,0.0,0.0,0.0,3247.8533333333335,2.5225,237,3,3,1,0,1,1,1358.9999999999804,2.0,confirmed,0,4pZ3Xtg6oTueQtcT4GcDerMquBvfJC6PJBwZAx19ALEZ4LgBe4fYG6fvb6ZFipp5hUF5xvVJKjCLEnp1txK3ikJW,413442363,413442365.0
2026-04-15T19:01:31.158806+00:00,rpc,300000,1,1,5,0.0,0.0,0.0,0.0,3247.8533333333335,2.5225,237,3,3,1,0,1,1,1390.9999999999627,2.0,confirmed,0,3JATzxXZFqGx23Y2Fm63nct3AskS66JDsQ2mhfTcpFMsTe49k1Z5rmwkroBBzW3QEqJh6tEpUtuyktHEG87riZqo,413442372,413442374.0
2026-04-15T19:01:34.507891+00:00,rpc,300000,1,1,5,0.0,0.0,0.0,0.0,3247.8533333333335,2.5225,237,3,3,1,0,0,1,1329.0000000000077,3.0,confirmed,0,3CRScPhpW7DWYcj9YvbiLC6g9jvWm9rn5fVX66YtUD6B72V9ryjSRe6cxaANAgq1Nck4DSDjkHbM7Zi3gwtR8v1V,413442380,413442383.0
2026-04-15T19:10:34.259439+00:00,rpc,200000,1,1,20,0.0,0.0,0.0,0.0,3323.5825,2.5208333333333335,237,3,3,1,0,0,1,1547.0000000000255,3.0,confirmed,0,gdqfzdvYShgQLm8WFCjgvy3xhKrUDSYRa9WyzvaZNSe4yLhiHjg4e1Q4mhAuRmtdiAyG4aRK1n3uYAr12yrVK4V,413443735,413443738.0
2026-04-15T19:10:37.780493+00:00,rpc,160000,1,1,20,0.0,0.0,0.0,0.0,3323.5825,2.5208333333333335,237,3,3,1,0,1,1,500.0,2.0,processed,0,2PW2HXajpZ6axa98SW1KZwF7sEd6trBeMJ1GFkFwaB5gBDQMZSgJb9E987trS4cyc9skdv8K3PrWVRQ5jnWBci8z,413443744,413443746.0
2026-04-15T19:10:40.153862+00:00,rpc,250000,1,1,20,0.0,0.0,0.0,0.0,3323.5825,2.5208333333333335,237,3,3,1,0,0,1,1405.999999999949,3.0,confirmed,0,3FAbdazZZcpgm9ET9fiut4vAhk7wTx653igy9zJUNAWGCMfyZr3yjW1NaaMmeicToNDHFhA5CYw6qLEaHm8Z2NxR,413443750,413443753.0
2026-04-15T19:10:43.493224+00:00,rpc,300000,1,1,20,0.0,0.0,0.0,0.0,3309.4183333333335,2.5233333333333334,237,3,3,1,0,1,1,1312.0000000000118,2.0,confirmed,0,58tQyQKYtA3nVm5nTc7qgCcSjq7Ksz3raD3GQiqhsMoeEob7FZSvpNg4dfNYrZj6JP739n1vbzAGsqiVcNBtYmyV,413443759,413443761.0
2026-04-15T19:10:46.701817+00:00,rpc,200000,1,1,20,0.0,0.0,0.0,0.0,3309.4183333333335,2.5233333333333334,237,3,3,1,0,0,0,2093.9999999999372,4.0,confirmed,0,YU3TVog2HkujyknmMVgDQnr6W18w3b3XthW7sMEEi8UmENQd9GMDA1MDhtX3WgN9PsdVYWCaDLVRcDW7t3yA1va,413443767,413443771.0
2026-04-15T19:10:50.772988+00:00,rpc,160000,1,1,20,0.0,0.0,0.0,0.0,3309.4183333333335,2.5233333333333334,237,3,3,1,0,1,1,1343.0000000000746,2.0,confirmed,0,4LcWgYHX6xd7JT1EXcxmURY6Y7HwryAKGWe1LYWcA29ccp5F8FxoeAgTTj35qvfWrksD3WpYoSmzSfpcyG7E6HMi,413443778,413443780.0
2026-04-15T19:10:54.011523+00:00,rpc,120000,1,1,20,0.0,0.0,0.0,0.0,3309.4183333333335,2.5233333333333334,237,3,3,1,0,0,1,1359.0000000000373,3.0,confirmed,0,5UfFHVkBMTDGXLbti5YRKkUJWow5YYpgCvHKP2Y2EyJNdmt5jY2CNx1tkJcxEJDXHbAnvcrWM5ab2xC8SRD95PkJ,413443784,413443787.0
2026-04-15T19:10:57.251685+00:00,rpc,200000,1,1,20,0.0,0.0,0.0,0.0,3309.4183333333335,2.5233333333333334,237,3,3,1,0,0,1,1390.0000000001,3.0,confirmed,0,3marzbdvksLtgzdi3csam4VC1XUNsVvkWuaXqjrJo8wwgVZvZ71UAg5HW62KRHX3kTjWgzU1erLZH3SAXuiai4ec,413443792,413443795.0
2026-04-15T19:11:00.541534+00:00,rpc,160000,1,1,20,0.0,0.0,0.0,0.0,3309.4183333333335,2.5233333333333334,237,3,3,1,0,1,1,1343.0000000000746,2.0,confirmed,0,4H7VcLYuUQLKD2geX9eEN3N8RcR4CFKJhJQ9C8zxsWd93BmMTgDZC3ATpSNmVaVJD3ZASdiahwZLLmjN1tBJnBed,413443800,413443802.0
2026-04-15T19:11:03.748837+00:00,rpc,250000,1,1,20,0.0,0.0,0.0,0.0,3309.4183333333335,2.5233333333333334,237,3,3,1,0,1,1,500.0,2.0,processed,0,7UjLF8qMCecC57qeANFJKEv123CsrwZD7W3cz8NAbPgu44TofyJep6qJ8x4hHJsEKjyYhPgMt4F2i9iuSuNLrmX,413443808,413443810.0
2026-04-15T19:11:06.167059+00:00,rpc,250000,1,1,20,0.0,0.0,0.0,0.0,3309.4183333333335,2.5233333333333334,237,3,3,1,0,1,1,1343.0000000000746,2.0,confirmed,0,3Svhgo61S8hsHPXAWm6dMTmV1t2hE8AgDXBxqKQdWxvUsYAwvNSjkaUMNdJdrqWagDaiP6EZwKe74BYgoirPgScw,413443815,413443817.0
2026-04-15T19:11:09.434158+00:00,rpc,200000,1,1,20,0.0,0.0,0.0,0.0,3309.4183333333335,2.5233333333333334,237,3,3,1,0,0,0,1422.0000000000255,4.0,confirmed,0,2YCQ3BeMgjERR6WTzwEPoKZvRDHnXyiyq5krSwCNPDHTJychy94hC1oaByvHMPfAHE8vqrJCFCLyzgCyYWQ3vR65,413443823,413443827.0
2026-04-15T19:11:12.763836+00:00,rpc,300000,1,1,20,0.0,0.0,0.0,0.0,3309.4183333333335,2.5233333333333334,237,3,3,1,0,0,1,1375.0,3.0,confirmed,0,2NCufsAE3qayZwBJUZb6PkBLjqCrKhdW9sFr8Ww5Lm8DWyiYiQk1XexjpCtMjJ13AWwHoL6ZQH28NcWvqBoVTVzc,413443832,413443835.0
2026-04-15T19:11:16.033894+00:00,rpc,120000,1,1,20,0.0,0.0,0.0,0.0,3309.4183333333335,2.5233333333333334,237,3,3,1,0,0,1,1327.9999999999745,3.0,confirmed,0,3FpEAyY3ZfqiBHEoSN91DNGaoocNAMcrozvgn47QWE8DJYvsyo3p1SdksJy89fdJpsfshChKedCqsPoxvJa1GXAC,413443840,413443843.0
2026-04-15T19:11:19.296975+00:00,rpc,250000,1,1,20,0.0,0.0,0.0,0.0,3309.4183333333335,2.5233333333333334,237,3,3,1,0,1,1,1406.0000000000628,2.0,confirmed,0,2akgw22Fbj85jCmyGg8sR4FXLNsa4fxeV6vgcYiW6RQJGMvA6QNwFa7UGWQjSAGnsEipBqKx7cgdZE2cnZtt5uRL,413443849,413443851.0
2026-04-15T19:11:22.602878+00:00,rpc,250000,1,1,20,0.0,0.0,0.0,0.0,3309.4183333333335,2.5233333333333334,237,3,3,1,0,0,0,1390.0000000001,4.0,processed,0,2Mi7PR9xNEqzVAKSoTZSt6r2oJkUJ5HjZ25PdqM9GsFVnTFzmNk7bqJYmiAUf6Z1J9rpFLV8rNrq6w7zp1haAG9V,413443857,413443861.0
2026-04-15T19:11:25.952884+00:00,rpc,200000,1,1,20,0.0,0.0,0.0,0.0,3309.4183333333335,2.5233333333333334,237,3,3,1,0,1,1,577.9999999999745,2.0,processed,0,3YdFTZGRWuTT6PTpipsJ9XHXZY2RFy9QDKnpobAxYtTpjSE5okDVCyY8ysTjgah2EZpjPkAb8No7242WWvDSxLgQ,413443865,413443867.0
2026-04-15T19:11:28.446243+00:00,rpc,200000,1,1,20,0.0,0.0,0.0,0.0,3309.4183333333335,2.5233333333333334,237,3,3,1,0,0,1,1389.9999999999864,3.0,confirmed,0,tzAa517LQHPkFDvQBrGKaedjQ7YxK9dYic7R4UuvePCQ95vCmZXFActfpjzPiKdcjQ87kSkTKzkk5LwKdTfiVTq,413443872,413443875.0
2026-04-15T19:11:31.866148+00:00,rpc,250000,1,1,20,0.0,0.0,0.0,0.0,3309.4183333333335,2.5233333333333334,237,3,3,1,0,1,1,1437.9999999999882,2.0,confirmed,0,2M29dKRuDSAibGrj2jMPfA1WfKReirA3JJXaTwv45gL4XX32U2RkpRD4ehf2nXN57s2YtgvaPedMi6UE644urHfW,413443880,413443882.0
2026-04-15T19:11:35.223541+00:00,rpc,300000,1,1,20,0.0,0.0,0.0,0.0,3309.4183333333335,2.5233333333333334,237,3,3,1,0,0,1,1390.9999999999627,3.0,confirmed,0,4wHpHYW62xXxKXmvtbeHy5KvDBWnhz8gVnXPRBobTaav1YSJfnwYkN67cmpsMNVw95YJAQjYh4nWWRJPHZk3S5t1,413443889,413443892.0
2026-04-15T19:11:38.638688+00:00,rpc,250000,1,1,20,0.0,0.0,0.0,0.0,3309.4183333333335,2.5233333333333334,237,3,3,1,0,0,0,1421.000000000049,4.0,processed,0,2ZjvT65J2RMBumWprU61mNPyHcZ3SMWpFULacyFhqUJBsabVVAVLKMd34LKR2FPJxFNFFr63LQg3p7zqJzzNw5wU,413443898,413443902.0
2026-04-15T19:11:42.088749+00:00,rpc,160000,1,1,20,0.0,0.0,0.0,0.0,3299.7716666666665,2.5233333333333334,237,3,3,1,0,1,1,609.9999999999,2.0,processed,0,4iQfuLnhv5pgG7puCUQc2Y5M1qRQUycD6WezT57Mb7XTzPYhX3bYamPCdjJ1YdFkNuSfwsGpKAUnrk99hvgpDxHv,413443907,413443909.0
2026-04-15T19:11:44.664455+00:00,rpc,120000,1,1,20,0.0,0.0,0.0,0.0,3299.7716666666665,2.5233333333333334,237,3,3,1,0,1,1,577.9999999999745,2.0,processed,0,2qvRPVGYumDrXuA7fdQV2LGhNe5DeX2ci66ZFqrJKbwQsRcJNRh76i2Ba62g6MQoxybq4dqYZSjf3R5AjGePBv4M,413443914,413443916.0
2026-04-15T19:11:47.227304+00:00,rpc,160000,1,1,20,0.0,0.0,0.0,0.0,3299.7716666666665,2.5233333333333334,237,3,3,1,0,1,1,1389.9999999999864,2.0,confirmed,0,4SH8cRDBtgLDmuZ512jRqGkB5RDnBQBttJwZcndJa8xyBbMn6rALjqRBEUpxFnYw6ywwW81gngjdDQa1inDwW2yE,413443921,413443923.0
2026-04-15T19:11:50.530864+00:00,rpc,200000,1,1,20,0.0,0.0,0.0,0.0,3299.7716666666665,2.5233333333333334,237,3,3,1,0,1,1,547.0000000000255,2.0,processed,0,XMpS75JNLzdRA285k3NLGKsnByhtr6gy3BD9UQxMx8ToCbQznqkxpBNuTXXRrDjURvvqDDGrNy3r9XEeTwP1g2u,413443929,413443931.0
2026-04-15T19:11:53.055533+00:00,rpc,200000,1,1,20,0.0,0.0,0.0,0.0,3299.7716666666665,2.5233333333333334,237,3,3,1,0,1,1,1297.0000000000255,2.0,confirmed,0,63GVJ5tQ8hfKLHV6fcNY4HvXtE8vnYPDshkQC1pTJR5qnrtVPqwiTLpkBaSeJkD4cScvDR6fgjusg5wtV5caHjS2,413443936,413443938.0
2026-04-15T19:11:56.249762+00:00,rpc,160000,1,1,20,0.0,0.0,0.0,0.0,3299.7716666666665,2.5233333333333334,237,3,3,1,0,0,1,1359.9999999999,3.0,confirmed,0,5uknK4WNcJ4nQBHkhtMgArmXW1Bt7a1fVGyX57PhxjbmvmN6gj75J96NW9J7nkH8NbSfi3AEttXQbqqP4CMmiVYq,413443944,413443947.0
2026-04-15T19:11:59.554591+00:00,rpc,200000,1,1,20,0.0,0.0,0.0,0.0,3299.7716666666665,2.5233333333333334,237,3,3,1,0,0,1,1562.0000000000118,3.0,confirmed,0,27PdPDgU6TWr59Et1nnx3PzqpMVFLKbhV7xJDGV8Ab4pv4ebpG4xD7ELCig766uVBeLMmEt3rVep6h79Q3z5Esh4,413443952,413443955.0
2026-04-15T19:12:03.092634+00:00,rpc,160000,1,1,20,0.0,0.0,0.0,0.0,3299.7716666666665,2.5233333333333334,237,3,3,1,0,0,1,1358.9999999999236,3.0,confirmed,0,5uvP5m11HC9cWrnhgagXb7yD5zeUy2eWaM9hSQwX6HPhojLUb3TAdKvMSCzcRdrSeMwtYGADW3JqGfw5qxMLxJxd,413443962,413443965.0
2026-04-15T19:12:06.339804+00:00,rpc,160000,1,1,20,0.0,0.0,0.0,0.0,3299.7716666666665,2.5233333333333334,237,3,3,1,0,0,0,2234.0000000000373,4.0,confirmed,0,4KDsQZm93FJ1b3qa5xkw8TfujHSrsXHyBxHht6UPdH4RjGT3Cdp1F2LnzkUifssVpT7bJF1tW6CoSz761YUP7YpJ,413443970,413443974.0
2026-04-15T19:12:10.487677+00:00,rpc,300000,1,1,20,0.0,0.0,0.0,0.0,3299.7716666666665,2.5233333333333334,237,3,3,1,0,1,1,1344.000000000051,2.0,confirmed,0,2B8Tsi3LNp37sGAGKNE5CPeoesiNB1r5GHdBHdoQn3eWr6V8boBsZRq27mkm164jdhZVx8AwF9XqMiWgsyvB54n3,413443980,413443982.0
2026-04-15T19:12:13.739564+00:00,rpc,200000,1,1,20,0.0,0.0,0.0,0.0,3299.7716666666665,2.5233333333333334,237,3,3,1,0,0,0,2125.0,4.0,confirmed,0,2d6HJ6FNESeedSgK35vM41YrhNwmoQwpKuJvF3nhEcWf1vS6VP33UHk1mUtC2MU52o348n5RkXJf5epnT5yWsoB,413443987,413443991.0
2026-04-15T19:12:17.837133+00:00,rpc,250000,1,1,20,0.0,0.0,0.0,0.0,3299.7716666666665,2.5233333333333334,237,3,3,1,0,0,1,1406.0000000000628,3.0,confirmed,0,4vAm2o5xZ5ZTjpKqsY52A4UFKqkBSbuJAuZht4Ae5NSHMXzF7cyLax6vAZunMPzcvZDV4ATA8tfFkpxC3BXs63ae,413443997,413444000.0
2026-04-15T19:12:21.125091+00:00,rpc,160000,1,1,20,0.0,0.0,0.0,0.0,3299.7716666666665,2.5233333333333334,237,3,3,1,0,0,1,1375.0,3.0,confirmed,0,4G1gMVfSHWpFfCoqKsHvQv8BNdfLzwcdEnzXrfNbjdqFxkoC7nzTV6A7adXaHCYUP7AQq5B9AMJxswZJsszWx8oJ,413444006,413444009.0
2026-04-15T19:12:24.437912+00:00,rpc,200000,1,1,20,0.0,0.0,0.0,0.0,3299.7716666666665,2.5233333333333334,237,3,3,1,0,1,1,1516.0000000000764,2.0,confirmed,0,QAfx2ox5jFQQwRPXAokprMQa81fSPVYBE7Li6zPEGfAFkPhUPH9jHENDcdVjHysL9PFyH2x4eso3EFpMX3EmdGe,413444015,413444017.0
2026-04-15T19:12:27.872158+00:00,rpc,160000,1,1,20,0.0,0.0,0.0,0.0,3299.7716666666665,2.5233333333333334,237,3,3,1,0,1,1,1375.0,2.0,confirmed,0,4c9Dqh3e5uoQcTytj1XxUM3UrjNtQ3morcqqWV5L2FHWGtrKmd8E8SkeeFD6sJTWRHyCLTbd6pDZmHPRrcTax9yD,413444024,413444026.0
2026-04-15T19:12:31.175797+00:00,rpc,300000,1,1,20,0.0,0.0,0.0,0.0,3299.7716666666665,2.5233333333333334,237,3,3,1,0,1,1,531.0000000000628,2.0,processed,0,5CGUXnEYNMp9UMXFTS23ydN4tWXzw5Tj34wxNSPaqvGvb7sSboNsiRrELMQtxv3GLkQiPuqsKxgQypeQBC6giU7f,413444032,413444034.0
2026-04-15T19:12:33.667090+00:00,rpc,250000,1,1,20,0.0,0.0,0.0,0.0,3299.7716666666665,2.5233333333333334,237,3,3,1,0,1,1,1312.9999999999882,2.0,confirmed,0,D95q5S45s8HTsxKDhVfTLuGRjPLCMsvd5boJhzPpNREX6MR7XTXCTvdy4RALAbWz6aBoJfakbK6BVVKZha4Ce2L,413444038,413444040.0
2026-04-15T19:12:36.952568+00:00,rpc,300000,1,1,20,0.0,0.0,0.0,0.0,3299.7716666666665,2.5233333333333334,237,3,3,1,0,1,1,483.9999999999236,2.0,processed,0,B3ZFGNo1jRxFcpUfJwogQ7txx13WcbQUKXJnY7cTgLZVyv5pYBDtKcd6zqaUb1zncb6td2UunVLGH3bkmwP9h7m,413444046,413444048.0
2026-04-15T19:12:39.367633+00:00,rpc,160000,1,1,20,0.0,0.0,0.0,0.0,3299.7716666666665,2.5233333333333334,237,3,3,1,0,0,1,1390.0000000001,3.0,confirmed,0,hGyHe2Az2LPNRYpMwU3HRjaw4wzfgeQnpEkfFQHmSLd9HHcHnNDkZyqNPFtPKrw8fZtgzUADAnihnuwa1gERBUE,413444053,413444056.0
2026-04-15T19:12:42.682359+00:00,rpc,200000,1,1,20,0.0,0.0,0.0,0.0,3279.195,2.5225,237,3,3,1,0,0,1,1453.0000000000882,3.0,confirmed,0,3N3jPHtkwoXvr3TA6y9jKGsq9eQQxe28LzrCECg6wBF7zV4gfU3dwoXdHMttPAjfFSipr8odcAZa9WsxAhD7EgrH,413444061,413444064.0
2026-04-15T19:12:46.036646+00:00,rpc,200000,1,1,20,0.0,0.0,0.0,0.0,3279.195,2.5225,237,3,3,1,0,0,0,1359.0000000000373,4.0,processed,0,2uUTehuJDS1ovyWetGJZcPDCJgFZuPgzNdCGA4o7XU5TMbitiCsf94Yq7aXkd6WibfazKkyat1jRsQkzRXCYj7i5,413444070,413444074.0
2026-04-15T19:12:49.532084+00:00,rpc,200000,1,1,20,0.0,0.0,0.0,0.0,3279.195,2.5225,237,3,3,1,0,1,1,1422.0000000000255,2.0,confirmed,0,4TrRitjxQsCox3H8uBzutQFSggNB9eeW8LE2CguVe7fiUgj6aGwYNELP8o5gmwAZofJtVdZrHyG1QnKMHHBChg73,413444079,413444081.0
2026-04-15T19:12:52.865590+00:00,rpc,300000,1,1,20,0.0,0.0,0.0,0.0,3279.195,2.5225,237,3,3,1,0,1,1,1312.9999999999882,2.0,confirmed,0,355ze2td2FACcea8GuEymBVmH88TsdYkMP8tt1aS43YDHr9UGdWgWhqogEb3HiYpjWnNrgHFsDdu4qndXK2X6mEW,413444087,413444089.0
2026-04-15T19:12:56.118813+00:00,rpc,120000,1,1,20,0.0,0.0,0.0,0.0,3279.195,2.5225,237,3,3,1,0,0,0,2155.999999999949,4.0,confirmed,0,4nRrhocogCNyA1dnkAdfHaUVFc7JdHiXp7VbQDFJtGvzhB9q2Tv25CAFY4e3FJDTQW43G4akXCbX5kMFRWicteNF,413444096,413444100.0
2026-04-15T19:13:00.265281+00:00,rpc,160000,1,1,20,0.0,0.0,0.0,0.0,3279.195,2.5225,237,3,3,1,0,0,0,2218.9999999999372,6.0,confirmed,0,3kLk3RVpsDQdJXXNF9tQh8PzHAtcdaywCbXHRPbgKfaHKvDRcigCv8nGAjuvsX86bkFnQH6Sn6D6JKXqrXhVr2oK,413444106,413444112.0
2026-04-15T19:13:04.427902+00:00,rpc,250000,1,1,20,0.0,0.0,0.0,0.0,3279.195,2.5225,237,3,3,1,0,0,1,1421.9999999999118,3.0,confirmed,0,26PndoD7CqxTu4kGYiwEVCuh2b8xahkhx9T6j8QkVDnWCGdCv6UvnC7qHMPpGXMmSsvZZ5BfyoBnnCDW6ZhGcBHY,413444117,413444120.0
2026-04-15T19:13:07.815742+00:00,rpc,120000,1,1,20,0.0,0.0,0.0,0.0,3279.195,2.5225,237,3,3,1,0,0,1,1515.9999999999627,3.0,confirmed,0,58tBX7s8TFUX2msksGr77tjBtExHXqs5FVEZyzxBjK2kT5AaaKFN6S7dceAZTy7b3nFnNoCEYshqmdcqkhJ7BuWN,413444126,413444129.0
2026-04-15T19:13:11.308218+00:00,rpc,300000,1,1,20,0.0,0.0,0.0,0.0,3279.195,2.5225,237,3,3,1,0,0,1,1422.0000000000255,3.0,confirmed,0,49WPmgjyFAauEaLQvD6apNHGmTLgHH6auq4eDhv9FnSbkwtVn19x85BH8e84Hz1fiTM6nXrY8C4ieWkmR3zEfNQ6,413444134,413444137.0
2026-04-15T19:13:14.799857+00:00,rpc,300000,1,1,20,0.0,0.0,0.0,0.0,3279.195,2.5225,237,3,3,1,0,0,1,1437.9999999999882,3.0,confirmed,0,3o6w9NZWHCmmpVnBsaHAU3VSy2xWHXUkPRUzDRKcyHxsTh5JnwgMtMnj98QoFaigF3e6jHS99RegZR44EXY1MMbC,413444143,413444146.0
2026-04-15T19:13:42.117778+00:00,rpc,200000,1,1,50,0.0,0.0,0.0,0.0,3257.4216666666666,2.5216666666666665,237,3,3,1,0,0,1,1656.9999999999254,3.0,confirmed,0,2r5pY8ZdfX9u47ChPRTLa886A9GQZCLbtz13vS2aBdroF4XLtaqBcWkipdwV9DGuLk8i7qGMY55ogHDWP29JeMr6,413444212,413444215.0
2026-04-15T19:13:45.720646+00:00,rpc,160000,1,1,50,0.0,0.0,0.0,0.0,3257.4216666666666,2.5216666666666665,237,3,3,1,0,1,1,1406.0000000000628,2.0,confirmed,0,3x1M2XVbBtV8PmWFRXdg9uaiymx5zJgQ63YckXJWotfGk2ZoJL8UHbcdcdNtg3hJGNLhDAvxyTp1rrqEXpaRFQk6,413444220,413444222.0
2026-04-15T19:13:49.085572+00:00,rpc,250000,1,1,50,0.0,0.0,0.0,0.0,3257.4216666666666,2.5216666666666665,237,3,3,1,0,1,1,1422.0000000000255,2.0,confirmed,0,581Rz8z8y6mamdQiodHLyYWsJ1hUhw3GitN6gEjsCcvuxBxvTNirbChjyKM35mrVCxBD1e6AN5UM3K6hVVaTDWHo,413444227,413444229.0
2026-04-15T19:13:52.458372+00:00,rpc,300000,1,1,50,0.0,0.0,0.0,0.0,3257.4216666666666,2.5216666666666665,237,3,3,1,0,0,1,1312.9999999998745,3.0,confirmed,0,4by8gdPtC36z9tSzgrrPUuMqbXqryVKrrGRYNA3iDDn24NNg2YGKG4fsvE6TJo36dbCrMjz6P3v4TUpCLh6a3zvA,413444236,413444239.0
2026-04-15T19:13:55.715641+00:00,rpc,200000,1,1,50,0.0,0.0,0.0,0.0,3257.4216666666666,2.5216666666666665,237,3,3,1,0,1,1,702.9999999999745,2.0,processed,0,tcNL5Q1GmVBtRgWJido5dyhm1cbpX3FxKQ8XT2KURUn87jsb1pMEff8e5yYrCZiE3L9yTGhG6dQNqFToSi8K8q7,413444244,413444246.0
2026-04-15T19:13:58.292308+00:00,rpc,160000,1,1,50,0.0,0.0,0.0,0.0,3257.4216666666666,2.5216666666666665,237,3,3,1,0,1,1,1422.0000000000255,2.0,confirmed,0,5BRHkEVGGGcGFjT7Q1CmsnPjRwbyDxLPFaeZKBLJagzP3qh1VPUQMrkQCdm6HNTgvRn8STkjrqf4576kG3PDUznT,413444250,413444252.0
2026-04-15T19:14:01.639591+00:00,rpc,120000,1,1,50,0.0,0.0,0.0,0.0,3257.4216666666666,2.5216666666666665,237,3,3,1,0,1,1,1406.0000000001764,2.0,confirmed,0,ZbqwXezoF7ab2jc6h4saa1h1yLsh4BNT3oLrdEqtW8s9DVst8CdgEBxApcrcZJTeZ2qZfiHHueZ9iiW5JCgkSrY,413444259,413444261.0
2026-04-15T19:14:04.981092+00:00,rpc,200000,1,1,50,0.0,0.0,0.0,0.0,3257.4216666666666,2.5216666666666665,237,3,3,1,0,1,1,1359.9999999999,2.0,confirmed,0,wXsaZLuURQT6WqPnCQgTU8b1tmkKs7LmJvr2QisyTGgTUQ8T33T3ThjTy3BzDJA687YDxRcYqVUZSi1yG4zyBy1,413444268,413444270.0
2026-04-15T19:14:08.292674+00:00,rpc,160000,1,1,50,0.0,0.0,0.0,0.0,3257.4216666666666,2.5216666666666665,237,3,3,1,0,1,1,1343.0000000000746,2.0,confirmed,0,EXYn1tGEKE66mw2F5aUoK3UAY3JidWc8qjusvaJU3jZFAbeLk7WvHvW3hDj9CuTxvh7mhxqX44qiYKb88xvQKup,413444276,413444278.0
2026-04-15T19:14:11.570572+00:00,rpc,250000,1,1,50,0.0,0.0,0.0,0.0,3257.4216666666666,2.5216666666666665,237,3,3,1,0,1,1,1452.9999999999745,2.0,confirmed,0,5V53ccknH63b9gzrABbPonXPhzp4fXxCsEBhyT1KB6s93fz4MrjxNdA5EE9BNDf2aGQELbLBDf6pWMHBKhDCav1v,413444284,413444286.0
2026-04-15T19:14:14.967450+00:00,rpc,250000,1,1,50,0.0,0.0,0.0,0.0,3257.4216666666666,2.5216666666666665,237,3,3,1,0,0,0,1328.999999999951,4.0,processed,0,3KSNS1MNSGhXFVx8tE1WRFvVdXHqmDS2rev4Wg6M2wLggBUeFnRXryLpKoXLFUg1XSVakcTsEJsUjrxoLifmSDPt,413444293,413444297.0
2026-04-15T19:14:18.230685+00:00,rpc,200000,1,1,50,0.0,0.0,0.0,0.0,3257.4216666666666,2.5216666666666665,237,3,3,1,0,1,1,561.9999999998981,2.0,processed,0,3W4GRgHA3GCEBFKCBmBwEpSTXFgd77BKnaedfbd4jaRpqN9jPWUW71Kw4jSj6ugM2SWWswpMbZFCQ9CDqcnkgqCZ,413444301,413444303.0
2026-04-15T19:14:20.714180+00:00,rpc,300000,1,1,50,0.0,0.0,0.0,0.0,3257.4216666666666,2.5216666666666665,237,3,3,1,0,1,1,1312.9999999998745,2.0,confirmed,0,bfKH2mnbnHTy8BExXKFTFrCPiJjKrggALYS5hbZY5HtxbQLruid8XckzQQwNcPTRBr4s6HSHAtW4JP52L92h4vB,413444308,413444310.0
2026-04-15T19:14:23.961477+00:00,rpc,120000,1,1,50,0.0,0.0,0.0,0.0,3257.4216666666666,2.5216666666666665,237,3,3,1,0,0,1,1327.9999999999745,3.0,confirmed,0,3Cz2gNnKMT3UDtjMJ4z5sZMr5WasywWAdVMeSmxZPSJiskdFvPRMZUcUuE45ya9vbWXgxwQwm2EwRzubRZYopPBL,413444316,413444319.0
2026-04-15T19:14:27.231744+00:00,rpc,250000,1,1,50,0.0,0.0,0.0,0.0,3257.4216666666666,2.5216666666666665,237,3,3,1,0,1,1,1405.999999999949,2.0,confirmed,0,65fT2j1Kpdghrgp7BqGLaH6Cv6LPAz96QyY4Wiv9AePUjVeW2eP3Av3TJCudsKjL8EVL5zAczynZzPLnwNkBfLpA,413444324,413444326.0
2026-04-15T19:14:30.554908+00:00,rpc,250000,1,1,50,0.0,0.0,0.0,0.0,3257.4216666666666,2.5216666666666665,237,3,3,1,0,0,0,3937.0000000001255,9.0,confirmed,0,5Wy2yWZaS4mxDv9aks7swoDQ4pRa8mJHpL8ncY6A5uuBuPAn1bMnMF6Cnho95pDzyUUSSvnLSf35Vw7D4Df11R2r,413444332,413444341.0
2026-04-15T19:14:36.391722+00:00,rpc,200000,1,1,50,0.0,0.0,0.0,0.0,3257.4216666666666,2.5216666666666665,237,3,3,1,0,0,1,1391.0000000000764,3.0,confirmed,0,5J83UCu8NU3UigWY9eucBCUbLjqnU1xvidBARUUZXXZcg7fpM6xTEY6Js1xiR8ZjZHVcG2xkeWZEkQuvFZazZueb,413444347,413444350.0
2026-04-15T19:14:39.767048+00:00,rpc,200000,1,1,50,0.0,0.0,0.0,0.0,3257.4216666666666,2.5216666666666665,237,3,3,1,0,1,1,1281.0000000001764,2.0,confirmed,0,dbuLZnwXfxiofQDGZVxiPeXxVz2KGQWpfd9aJeLn3iAJL8UPR4eJH87jrghAPueMkSzXJKoyxFsBbxTGfShsDe3,413444356,413444358.0
2026-04-15T19:14:43.015286+00:00,rpc,250000,1,1,50,0.0,0.0,0.0,0.0,3244.3366666666666,2.5233333333333334,237,3,3,1,0,0,1,1406.0000000001764,3.0,confirmed,0,3Aq96BxGSm5j4viHoGVMetzUJMYDKJKZ6xn2jy7HSe9awoEFo4Tw9HLAmGjAeEebyhcR9xZX8k66XK4CAGrDE5bM,413444364,413444367.0
2026-04-15T19:14:46.302476+00:00,rpc,300000,1,1,50,0.0,0.0,0.0,0.0,3244.3366666666666,2.5233333333333334,237,3,3,1,0,0,0,2202.9999999999745,4.0,confirmed,0,VxjXwnDkHGb9kuEkcZzqM5YXaffNUqcF5JmXTWNSpe5kydYu4VVUTqQoLqdLjfeg8mAwkRakwpEQfQrLiv7v9VE,413444372,413444376.0
2026-04-15T19:14:50.396696+00:00,rpc,250000,1,1,50,0.0,0.0,0.0,0.0,3244.3366666666666,2.5233333333333334,237,3,3,1,0,0,0,2156.9999999999254,6.0,processed,0,3ivBAh8nRM6hMX9XYHcjm1ck2EW9TAp5XHbHjRLXDfs1MzYxk6czr498Eavb2Utq78ViBGiJ69S41wb7i1LhSYuN,413444382,413444388.0
2026-04-15T19:14:54.457673+00:00,rpc,160000,1,1,50,0.0,0.0,0.0,0.0,3244.3366666666666,2.5233333333333334,237,3,3,1,0,1,1,1390.999999999849,2.0,confirmed,0,2SBbFyCNhQWYDfqCa1i1jRcGXivBK9prnaooUVtmgXzMsiJG8R15DjGQapYFf3AXuEWSQHEbHH1asrF874ojpWim,413444393,413444395.0
2026-04-15T19:14:57.761648+00:00,rpc,120000,1,1,50,0.0,0.0,0.0,0.0,3244.3366666666666,2.5233333333333334,237,3,3,1,0,1,1,1343.0000000000746,2.0,confirmed,0,UY8ahYq4MSJo2SHqTF6dKqYjkv6K9DNjVXCYCzY97jCHzVTsjhbvhoq35SXdnRM3Vc1xvjDWQ3rExbQ8PRE8v3z,413444401,413444403.0
2026-04-15T19:15:01.054851+00:00,rpc,160000,1,1,50,0.0,0.0,0.0,0.0,3244.3366666666666,2.5233333333333334,237,3,3,1,0,0,1,1422.0000000000255,3.0,confirmed,0,36pLaivrCvmSQBjmHTnYcoYJB5y2LAdqGscSokkAdDmxVwX1N9RYsLVHUh2WtXUeZXhMje3v1pUGpm4VeJJQtCpN,413444409,413444412.0
2026-04-15T19:15:04.410761+00:00,rpc,200000,1,1,50,0.0,0.0,0.0,0.0,3244.3366666666666,2.5233333333333334,237,3,3,1,0,0,0,1343.0000000000746,4.0,confirmed,0,4aASxJquQNrKUDwX2hArCyMemfX4rTX7ApoaADaYUAKN5VWGRYQdQvNx27tdBuEAj93EeLpveSqFXX2mnpvxj9M6,413444418,413444422.0
2026-04-15T19:15:07.675628+00:00,rpc,200000,1,1,50,0.0,0.0,0.0,0.0,3244.3366666666666,2.5233333333333334,237,3,3,1,0,1,1,1312.9999999998745,2.0,confirmed,0,2MNrt6Vr6eQaQgLsv2GDMtMCz9FxrTqEkd1Bc8sT3e5m1r8D18BnDRiqAqyTRcHPDoXj5277ywB3qCmaWUE8iuGZ,413444427,413444429.0
2026-04-15T19:15:10.888105+00:00,rpc,160000,1,1,50,0.0,0.0,0.0,0.0,3244.3366666666666,2.5233333333333334,237,3,3,1,0,0,1,1313.0000000001019,3.0,processed,0,2evTpftD68sXjra4ky1QhqfJPLkVcDc9vjRRymqSwqgjyUZbrFdKVEumdPiH7zQ91yL64Z2t8DAfJhLqsFXrUH6e,413444436,413444439.0
2026-04-15T19:15:14.155211+00:00,rpc,200000,1,1,50,0.0,0.0,0.0,0.0,3244.3366666666666,2.5233333333333334,237,3,3,1,0,0,1,1313.0000000001019,3.0,confirmed,0,f2sEemJ2PVMekYvbtSWxNTyVpyyxikdLSX5hjt1QhcYcxexy34dNNBAzWx4MkJk2VELmcNL3xj2472Cmx58nDRi,413444443,413444446.0
2026-04-15T19:15:17.388674+00:00,rpc,160000,1,1,50,0.0,0.0,0.0,0.0,3244.3366666666666,2.5233333333333334,237,3,3,1,0,1,1,484.99999999989996,2.0,processed,0,4K7sK9M63zjuYMgbXjyRGYcgGfQbRymiXpW5xetFaH2NcQMmfHVkXEncehr1VQpFAjf8hUtXUVFKPotyoQP4CnBC,413444452,413444454.0
2026-04-15T19:15:19.811138+00:00,rpc,160000,1,1,50,0.0,0.0,0.0,0.0,3244.3366666666666,2.5233333333333334,237,3,3,1,0,0,0,2155.999999999949,5.0,processed,0,2oMzdJ17eYNPpSC15JK9B6JgAA5NTRD42cA75HFb3zFehzZYrZ5fyWSobKk8BA9dtbbRAi7VhNzKhTPyAgCMyA3n,413444459,413444464.0
2026-04-15T19:15:23.900447+00:00,rpc,300000,1,1,50,0.0,0.0,0.0,0.0,3244.3366666666666,2.5233333333333334,237,3,3,1,0,1,1,1390.0000000001,2.0,confirmed,0,2QPJL9MXFJrirZGdVNuqBcJdua8bf8oenuumZFeS9N2qyM5GxJDjhNPw1bfNLfJWs5vXkSdMc2hpSgaJ6vgdbNFs,413444469,413444471.0
2026-04-15T19:15:27.253656+00:00,rpc,200000,1,1,50,0.0,0.0,0.0,0.0,3244.3366666666666,2.5233333333333334,237,3,3,1,0,1,1,1375.0,2.0,confirmed,0,3vLtAdjfnRMCVs4qjCxpiZXThCHfPyAQFw81YRgm13kcZLQg7bYo5p5qazQsU4sJYJWQKapF4c4k8MpRnWCVLNWj,413444478,413444480.0
2026-04-15T19:15:30.548013+00:00,rpc,250000,1,1,50,0.0,0.0,0.0,0.0,3244.3366666666666,2.5233333333333334,237,3,3,1,0,1,1,1375.0,2.0,confirmed,0,mmui4v4DEodzyn6LU2cYVoHKtzgXWvXupT6SgubGUYB3jGnfbq4eEeNa3ZAv578ACY44dTVdzcoaAQAAo4o2vtX,413444487,413444489.0
2026-04-15T19:15:33.856989+00:00,rpc,160000,1,1,50,0.0,0.0,0.0,0.0,3244.3366666666666,2.5233333333333334,237,3,3,1,0,0,1,1406.0000000001764,3.0,confirmed,0,THZyZFaQ84oov6Dwd6v75mTFEMPFjtrJVhudunNcP5r1aqt7DuJUXs5TuGLUT1hubEqYUMjjX68JZUkmjy6TL7X,413444496,413444499.0
2026-04-15T19:15:37.222305+00:00,rpc,200000,1,1,50,0.0,0.0,0.0,0.0,3244.3366666666666,2.5233333333333334,237,3,3,1,0,1,1,1405.999999999949,2.0,confirmed,0,f4hfQ7VuWQkmGvvJTqkPhLc9735ypJMxraF1Eh4rKonpCf5JUHNwB1q2potV8pdrBzZY4Fm2eZHZ8pdw9D5cnGS,413444504,413444506.0
2026-04-15T19:15:40.528196+00:00,rpc,160000,1,1,50,0.0,0.0,0.0,0.0,3244.3366666666666,2.5233333333333334,237,3,3,1,0,0,1,1422.0000000000255,3.0,confirmed,0,267DLFzy4zaz281nER9EYt8ttyx6Y97cWqK1cL62azgbfMvuQVuCwMUF4Kqf2Mp18aUjifJzNDpyS6RjxgZheeUj,413444512,413444515.0
2026-04-15T19:15:43.886694+00:00,rpc,300000,1,1,50,0.0,0.0,0.0,0.0,3250.2208333333333,2.5275,237,3,3,1,0,1,1,500.0,2.0,processed,0,sPQPvw3ByVMnuLxBzSh5kN9x5wcoeQQptbEsMfF42E3AtL9qSonsyrcjBoEc16kbWRpZs44JHjP4yrM8zGKuTm1,413444520,413444522.0
2026-04-15T19:15:46.341885+00:00,rpc,250000,1,1,50,0.0,0.0,0.0,0.0,3250.2208333333333,2.5275,237,3,3,1,0,1,1,530.9999999999491,2.0,processed,0,3GfeE4Jp3n3bYAWBsL5ew1wuGsdggKa7eDLeCcFdHy8EcAkAGybABZMUoi8Cqft7Hd3cdyfgv5AQQMDxGwbfn4gd,413444526,413444528.0
2026-04-15T19:15:48.815475+00:00,rpc,300000,1,1,50,0.0,0.0,0.0,0.0,3250.2208333333333,2.5275,237,3,3,1,0,1,1,1343.0000000000746,2.0,confirmed,0,2SsyZ79nDQU7B65DoUyD3SGJjG3XmzPP35CKXT7DBCSwKF1dxMxi7Gkvwr44r7UgqikG4ihx2DR9wW4x6Rnv3GWP,413444533,413444535.0
2026-04-15T19:15:52.037942+00:00,rpc,160000,1,1,50,0.0,0.0,0.0,0.0,3250.2208333333333,2.5275,237,3,3,1,0,0,1,1327.9999999999745,3.0,confirmed,0,2RFVrCnQgL9ijxR7M1LKHmBGe3g2NbDU28KyDp2RVRQGxvT7ivHBB8ZtEySB92BfaeazJZ95giG8BFxo7HaCXaBT,413444541,413444544.0
2026-04-15T19:15:55.288221+00:00,rpc,200000,1,1,50,0.0,0.0,0.0,0.0,3250.2208333333333,2.5275,237,3,3,1,0,1,1,515.0000000001,2.0,processed,0,3MM2VHxDYPrSm8c1WQyZvwnDLJP4V5JJG8fgTZKenWoBTLR1svvA7GVcAVJxw1XwmDBCejSzMxakLVW92vug4T6,413444549,413444551.0
2026-04-15T19:15:57.733955+00:00,rpc,200000,1,1,50,0.0,0.0,0.0,0.0,3250.2208333333333,2.5275,237,3,3,1,0,0,0,2312.9999999998745,4.0,confirmed,0,26ir41uqdiehZN2geRpAhvDzNYvyVxW6rk84HvnMSxoJDBs9SCaBy2w6hSqc7MD1Sm5NXwKwGkBXBtZv5SZ8QamX,413444556,413444560.0
2026-04-15T19:16:02.017024+00:00,rpc,200000,1,1,50,0.0,0.0,0.0,0.0,3250.2208333333333,2.5275,237,3,3,1,0,1,1,1328.000000000202,2.0,confirmed,0,3U1EXE9SESN1pmQBYe89an4KYvSNBEp3DRsnesFn1e1teEv2zrnXknAc4u1WYvLm7ngqAxLNJRXrmgQCNAsQ5Rf3,413444567,413444569.0
2026-04-15T19:16:05.248192+00:00,rpc,300000,1,1,50,0.0,0.0,0.0,0.0,3250.2208333333333,2.5275,237,3,3,1,0,1,1,1422.0000000000255,2.0,confirmed,0,H8gECMdFW1sQYgu3xr27nVxoxBSpBoc2BYUUjKkaxbbyFB9DnghwXdLga77vTPJiB7KkWyxi5BpSBAqBjJsqeh3,413444575,413444577.0
2026-04-15T19:16:08.596789+00:00,rpc,120000,1,1,50,0.0,0.0,0.0,0.0,3250.2208333333333,2.5275,237,3,3,1,0,1,1,469.00000000005093,2.0,processed,0,3pXP8NfWKHkbcBCopmfZ1fvCNSTKgfYfbYXzS4mDbqMnpR8nH6r4SsyyZdBaq1ouZoSCVaFvZRX4rU5MU57wAD6u,413444583,413444585.0
2026-04-15T19:16:11.029002+00:00,rpc,160000,1,1,50,0.0,0.0,0.0,0.0,3250.2208333333333,2.5275,237,3,3,1,0,1,1,1343.0000000000746,2.0,confirmed,0,4vYHmzCnmyTxKSfMUhNgrusZ4yCboYAHRTQYkx1thK5F9Ur9bU5fN5wP7B6dRxe7bQpvM9K8BKKpkGW6MVE3kGz8,413444590,413444592.0
2026-04-15T19:16:14.304863+00:00,rpc,250000,1,1,50,0.0,0.0,0.0,0.0,3250.2208333333333,2.5275,237,3,3,1,0,0,0,2906.0000000001764,7.0,confirmed,0,36eZtw6xCA3LMbgPLuwNFqX1AJBHbafc84ek6PR5dYbnebUx7jZZfGp377Jbe4wXqrCM7kRnaDtp2erzxbgBAAFr,413444597,413444604.0
2026-04-15T19:16:19.133319+00:00,rpc,120000,1,1,50,0.0,0.0,0.0,0.0,3250.2208333333333,2.5275,237,3,3,1,0,0,1,1390.0000000001,3.0,confirmed,0,ugrVtLSr5NFi18Lg7p8eCeJNWkqfAJKx1os8XE185hgmSDEF3mLJjrYpZbmkYbLT8wcwDgYimoG5W4s73ku4G99,413444609,413444612.0
2026-04-15T19:16:22.436797+00:00,rpc,300000,1,1,50,0.0,0.0,0.0,0.0,3250.2208333333333,2.5275,237,3,3,1,0,1,1,1327.9999999999745,2.0,confirmed,0,4MC2NtLvsVtryHqS2LMyVRHaFnUC273vkcV4ccHDEK7YXRd215fwzC1DC3ffyCwQPApkFmwerw9GSCu7dQDPzyH1,413444618,413444620.0
2026-04-15T19:16:25.680360+00:00,rpc,300000,1,1,50,0.0,0.0,0.0,0.0,3250.2208333333333,2.5275,237,3,3,1,1,1,1,547.0000000000255,1.0,processed,0,49MfHUeJMW2Z9WgU6RKMRrhCdA8FdrMjHnPtnchPhsJCqYAfJSWPNWzyqHVu2EqJB5MsyjPjxodojo4kNWoSbmx6,413444627,413444628.0
2026-04-15T19:18:12.621712+00:00,rpc,200000,1,1,500,0.0,0.0,0.0,0.0,3240.19,2.5258333333333334,237,3,3,1,0,0,1,1422.0000000000255,3.0,confirmed,0,29idRE11EUJWqbV3P7NkWGgKE8VsgaTrX1PeTpr4pZ1rpFkg2eYoj5Kps2uw8RbgzrCViYXF5WVy6Fb8xjXgzGbc,413444897,413444900.0
2026-04-15T19:18:15.963504+00:00,rpc,160000,1,1,500,0.0,0.0,0.0,0.0,3240.19,2.5258333333333334,237,3,3,1,0,1,1,1297.0000000000255,2.0,processed,0,3nJKLfEFvV31ovrn7LtFuH429uaU286jCMrCtXuBNnG7uY3bqY3TipX2ppMBCVGUqA5NLySjsBpS4ggKo3J9kiz4,413444905,413444907.0
2026-04-15T19:18:19.159362+00:00,rpc,250000,1,1,500,0.0,0.0,0.0,0.0,3240.19,2.5258333333333334,237,3,3,1,0,0,1,1390.0000000001,3.0,confirmed,0,3MtacLZuLSPhCHxDzNYTNYGbmGAVvKd1asCKN7dgutyE3ZrU5mVfD1bQoD81cBp7mhxQWuh6KztLeh7CFSzuzDdb,413444911,413444914.0
2026-04-15T19:18:22.456715+00:00,rpc,300000,1,1,500,0.0,0.0,0.0,0.0,3240.19,2.5258333333333334,237,3,3,1,0,1,1,1452.9999999999745,2.0,confirmed,0,5USz6w8XF2WGEs5sbrdumZePT5mvm4np7s4vUFBYTyrZufXVx1CpeDKxTdqZWz5kWAFUcfEH6Jz9eNc8XcmvpdcX,413444920,413444922.0
2026-04-15T19:18:25.833671+00:00,rpc,200000,1,1,500,0.0,0.0,0.0,0.0,3240.19,2.5258333333333334,237,3,3,1,0,0,1,1437.0000000001255,3.0,confirmed,0,v8ZcfTXiBSotuo2sUHgFPTGcPCegUF8MgKoKhPqXZ9MmbAxAQ13KtLvZ5kfBfdsTAjpmjfrwy2gZvyDFkfqWmba,413444928,413444931.0
2026-04-15T19:18:29.164074+00:00,rpc,160000,1,1,500,0.0,0.0,0.0,0.0,3240.19,2.5258333333333334,237,3,3,1,0,1,1,1359.000000000151,2.0,confirmed,0,22pVbsXtEgocppuhx87aexgENbSu76FNkJEhFBn2e9Q62LAXJ2qkzSHMSY3zp4vnW2WEoUqEnubSbuaaa9QUfvTt,413444937,413444939.0
2026-04-15T19:18:32.472584+00:00,rpc,120000,1,1,500,0.0,0.0,0.0,0.0,3240.19,2.5258333333333334,237,3,3,1,0,0,1,1500.0,3.0,confirmed,0,5PKzaQNsT5dpNgVrT7ZNBqGQk3ScwRU4psjXQeXu4f5BCYRkkLxQ5i27qMg8MRXvJ5PRoDsziTFSuyFE8Xhkm785,413444946,413444949.0
2026-04-15T19:18:35.962068+00:00,rpc,200000,1,1,500,0.0,0.0,0.0,0.0,3240.19,2.5258333333333334,237,3,3,1,0,1,1,1437.9999999998745,2.0,confirmed,0,2asbPPsWDSZW2Tg2sNmDp7DZeGsBuT98A87VZGqixTbatjuJwc8rfADpP8uXXUtKsibW5cx3AZeGxWKKLLu96B3j,413444954,413444956.0
2026-04-15T19:18:39.313595+00:00,rpc,160000,1,1,500,0.0,0.0,0.0,0.0,3240.19,2.5258333333333334,237,3,3,1,0,1,1,1312.9999999998745,2.0,confirmed,0,3yuVkiq9qpeBod7DzHeqG2zVDS31FktNLxY3Fw9bT4TTza9PyDFNHCHV8UvhoqAvpwBaS8F93h6pEV9d6V5DPgBW,413444962,413444964.0
2026-04-15T19:18:42.522670+00:00,rpc,250000,1,1,500,0.0,0.0,0.0,0.0,3241.6041666666665,2.525,237,3,3,1,0,0,1,1328.999999999951,3.0,confirmed,0,4MzhD6pMEfUspLhprbJ7iaMMBBtjimMze8hVM3fZkxT4HgEkz7tnNi62YQyGpTYvJY62iXfyiyGGn5Gzt8DhQLRL,413444970,413444973.0
