timestamp_utc,send_method,pricing_policy,cu_limit,cu_price_micro_lamports,priority_fee_lamports,fee_cap_lamports,recent_fee_min,recent_fee_median,recent_fee_p90,recent_fee_max,recent_tps,recent_slots_per_second,message_size_bytes,instruction_count,account_count,writable_account_count,landed_within_1_slots,landed_within_2_slots,landed_within_3_slots,latency_ms,slot_delta,confirmation_status,rpc_status_has_error,signature,sent_slot,landed_slot
2026-04-15T19:34:09.789868+00:00,rpc,sample_under_cap,200000,25,5,20,0.0,0.0,0.0,0.0,3101.9166666666665,2.5383333333333336,237,3,3,1,0,1,1,516.0000000000764,2.0,processed,0,3Qtk3QRYDPkHftEgJQwed92b5PY9ZhhjGERShYf8MF9KjRycXTtaWFZt7xb5j5uLJdcyCMuVVzTUiFu1RBPtNuv6,413447327,413447329.0
2026-04-15T19:34:12.190311+00:00,rpc,sample_under_cap,300000,66,20,20,0.0,0.0,0.0,0.0,3101.9166666666665,2.5383333333333336,237,3,3,1,0,0,1,1625.0,3.0,confirmed,0,7Tzz5BzxeWKfZ3Sgu71NLDsorEwXS5RmqvLCbsjgXNHRDYffiE6B38GQdGPw8y7MDaN61BrzvHiAdqjc1BAsZQu,413447333,413447336.0
2026-04-15T19:34:15.787628+00:00,rpc,sample_under_cap,200000,75,15,20,0.0,0.0,0.0,0.0,3101.9166666666665,2.5383333333333336,237,3,3,1,0,1,1,1485.0000000001273,2.0,confirmed,0,Rj5W5ev4ChyuR5Vo9mX5TrQf8WhttHdo9ZdgN86YF3Sp9YB78DxbfjLVSusYefEhgC7aBHCWWvqrm4mp4W8mu1G,413447342,413447344.0
2026-04-15T19:34:19.213405+00:00,rpc,sample_under_cap,160000,31,5,20,0.0,0.0,0.0,0.0,3101.9166666666665,2.5383333333333336,237,3,3,1,0,1,1,1375.0,2.0,confirmed,0,4zJ4nqw4pqhprE8Y6WiXAsMwgQ5NZw1CcMLGyrN5zMrmVvqkA9qXbBM1nhtiMFRdooNuB2jivUBFiJNA7W6d4tfh,413447351,413447353.0
2026-04-15T19:34:22.576585+00:00,rpc,sample_under_cap,160000,93,15,20,0.0,0.0,0.0,0.0,3101.9166666666665,2.5383333333333336,237,3,3,1,0,1,1,530.9999999999491,2.0,processed,0,5cM7PkXFSWsdVeoumU5dXzkbKbfXuAkS2gHFYyLYxMQJj6p7oXTNaB7hcBFaMuQSJDsuri2Q5Y4KuXs2PFAmmtPZ,413447359,413447361.0
2026-04-15T19:34:25.057821+00:00,rpc,sample_under_cap,160000,125,20,20,0.0,0.0,0.0,0.0,3101.9166666666665,2.5383333333333336,237,3,3,1,0,1,1,1342.9999999998472,2.0,confirmed,0,5jL9tDpsioyo56dtiU7EpFUVmo76RyzbWNafXbzr1Fye3qMx1Rg43hZFXNpHtweXJeUVUVQWNwcSvmy5XzcHYQXG,413447366,413447368.0
2026-04-15T19:34:28.315939+00:00,rpc,sample_under_cap,120000,41,5,20,0.0,0.0,0.0,0.0,3101.9166666666665,2.5383333333333336,237,3,3,1,0,1,1,1280.999999999949,2.0,confirmed,0,639iAbUmCZqvXT9KKYts1fYt3VYBnSzarsJY8b7kUZGbz3W3whPJEnTFH6JMbTmJLR2FspdG5Dhq87yiYDQSWzJj,413447374,413447376.0
2026-04-15T19:34:31.605402+00:00,rpc,sample_under_cap,120000,125,15,20,0.0,0.0,0.0,0.0,3101.9166666666665,2.5383333333333336,237,3,3,1,0,0,1,1342.9999999998472,3.0,confirmed,0,ZWTXuZqSfHZZ6F9YMgw5pkdNgDRYxggJHCpREUwYrsSByb9gBUaNGLm6tYxEvzX3DkZSVYy8vhwky7V5VxNVBoj,413447381,413447384.0
2026-04-15T19:34:34.835499+00:00,rpc,sample_under_cap,200000,50,10,20,0.0,0.0,0.0,0.0,3101.9166666666665,2.5383333333333336,237,3,3,1,0,0,1,1375.0,3.0,confirmed,0,42zHigPazqLyH8fnqfjJjaVNnLK3apxNk4hpmmz8xxhu3ogMY5YqQoQojaymNQiWdYN2kmVFjp1vXMBcpfZaL4W4,413447389,413447392.0
2026-04-15T19:34:38.198764+00:00,rpc,sample_under_cap,200000,75,15,20,0.0,0.0,0.0,0.0,3101.9166666666665,2.5383333333333336,237,3,3,1,0,1,1,1375.0,2.0,confirmed,0,4FGsvEPpEW9nXSAA2S8WTjS2wNwFDxHnNRFKoaQt92kydYpndt6co9DXxAEddojFURkcTkGWTPjKZ9ZxCJbz96GT,413447398,413447400.0
2026-04-15T19:34:41.502478+00:00,rpc,sample_under_cap,200000,25,5,20,0.0,0.0,0.0,0.0,3104.6475,2.5383333333333336,237,3,3,1,0,1,1,1313.0000000001019,2.0,confirmed,0,4qXESAQsZucg8AvnRwjpgfnduhbvbag3LfFq1SjaWzSDUMJtMcwignhoDRNGNFagQ6mJpdDWG1S3HhBLFsQA5RGp,413447407,413447409.0
2026-04-15T19:34:44.756799+00:00,rpc,sample_under_cap,200000,50,10,20,0.0,0.0,0.0,0.0,3104.6475,2.5383333333333336,237,3,3,1,0,1,1,1327.9999999999745,2.0,confirmed,0,3dM8dntvurqu93wKDzJKY1jp1dWaf15pAygxjGNXSZQ5kmxzFymXmxVBc2F12NJAqs9eXrF5Hcd7vz2uBJGzvxHt,413447415,413447417.0
2026-04-15T19:34:48.013774+00:00,rpc,sample_under_cap,160000,93,15,20,0.0,0.0,0.0,0.0,3104.6475,2.5383333333333336,237,3,3,1,0,1,1,1264.9999999998727,2.0,confirmed,0,2hBt4by1ADJZa1B3hmj3Q1ShkLtph6JEUarENaLoMHPKgTjzmTAgix2ZGohvYx88Rjz2cAbRxwizGZAZcYkVXBqx,413447422,413447424.0
2026-04-15T19:34:51.249238+00:00,rpc,sample_under_cap,250000,60,15,20,0.0,0.0,0.0,0.0,3104.6475,2.5383333333333336,237,3,3,1,0,1,1,1438.0000000001019,2.0,confirmed,0,3mmdYUdT1g5yrWdrnkeX6K42rhZas9q3WCwJcbWEFRowo3fhM1WtChv5BqTrNwWMoFjHNwYaEgS1KMGXt4ACu3Ju,413447430,413447432.0
2026-04-15T19:34:54.625777+00:00,rpc,sample_under_cap,300000,33,10,20,0.0,0.0,0.0,0.0,3104.6475,2.5383333333333336,237,3,3,1,0,1,1,1344.000000000051,2.0,confirmed,0,3y3PojuPgCX6G3xVsiXBVRjUS5ktU2cgPQWJmTre9Duy1xNVW3eQVkcRFkAzcJhvA74YFDgMet2aXVAReqVT722N,413447439,413447441.0
2026-04-15T19:34:57.930207+00:00,rpc,sample_under_cap,200000,50,10,20,0.0,0.0,0.0,0.0,3104.6475,2.5383333333333336,237,3,3,1,0,0,0,2155.999999999949,4.0,confirmed,0,2DhkHN8GUfFZYxpXTG86nfprFN7kTPSTay7K7Vkrd66boqSNExfWvgX1D1B9dMutSg7q2KQbVFj1hn1otgiNtLvs,413447448,413447452.0
2026-04-15T19:35:01.990791+00:00,rpc,sample_under_cap,200000,75,15,20,0.0,0.0,0.0,0.0,3104.6475,2.5383333333333336,237,3,3,1,0,1,1,1405.999999999949,2.0,confirmed,0,4R8AWeaegbyaeZEpSweEJf9xA26ReaRr24bWGNpXcXRtLncfaTVPqoC7jZnA9ewQwemhnpBVisfeUR3zhr6DPe24,413447458,413447460.0
2026-04-15T19:35:05.320523+00:00,rpc,sample_under_cap,120000,83,10,20,0.0,0.0,0.0,0.0,3104.6475,2.5383333333333336,237,3,3,1,0,1,1,1436.9999999998981,2.0,confirmed,0,2xkyazFS9Nbx8wPgXMxrQxokqX5mdHFPC3N4zKNE7N8Ct3WCcfrr55M9YshsAkVtKfCb7Vh8XYzyM9vDUHQRybAS,413447467,413447469.0
2026-04-15T19:35:08.754084+00:00,rpc,sample_under_cap,200000,50,10,20,0.0,0.0,0.0,0.0,3104.6475,2.5383333333333336,237,3,3,1,0,0,1,1358.9999999999236,3.0,confirmed,0,3NLpgQBEZtKrDsVtsUhU2incuDrqP5oXG5BqarXKe8TBcm9mLeHv3V8nHMeVKBebVC1zMzF7aEknEbx1yX2ivHND,413447475,413447478.0
2026-04-15T19:35:12.132232+00:00,rpc,sample_under_cap,120000,125,15,20,0.0,0.0,0.0,0.0,3104.6475,2.5383333333333336,237,3,3,1,0,0,1,1422.0000000000255,3.0,confirmed,0,epYiJsDREodPUsZ626VFQBYWmAEaST6RpiMKaYKcGfyXA5DugPodJKTT8o5yPUXL7fZEekZ4gpZcSfHBiGWjA4J,413447484,413447487.0
2026-04-15T19:35:15.524077+00:00,rpc,sample_under_cap,120000,83,10,20,0.0,0.0,0.0,0.0,3104.6475,2.5383333333333336,237,3,3,1,0,0,1,1452.9999999999745,3.0,confirmed,0,67hMdoAD8PazTuyUWNyCfGZwqe5JPi3rPrQGgWUzDEKndVaKakSipyAHszjdboMyjRVvGkqBDdBiWWpA4tMMvne6,413447493,413447496.0
2026-04-15T19:35:18.956245+00:00,rpc,sample_under_cap,160000,12,2,20,0.0,0.0,0.0,0.0,3104.6475,2.5383333333333336,237,3,3,1,0,1,1,1405.999999999949,2.0,confirmed,0,1d6yrL5HqH3G7Pf9pxnmqCS5H6sxRJNQ25f9GP2VC1wxyMQKhpUEefwj6hjQdgVy2VWE9fpuEPcw3YNKkccRAAk,413447502,413447504.0
2026-04-15T19:35:22.273941+00:00,rpc,sample_under_cap,160000,12,2,20,0.0,0.0,0.0,0.0,3104.6475,2.5383333333333336,237,3,3,1,0,1,1,1405.999999999949,2.0,confirmed,0,4crDNMtkhF739Mk7Fkdkgzp3D6X1kHoLuXutgKEk7Vppaf9sDt8LGSrYyd8gucADwA6ZCPpni6rhCNHNtcWsTEWG,413447510,413447512.0
2026-04-15T19:35:25.618064+00:00,rpc,sample_under_cap,160000,93,15,20,0.0,0.0,0.0,0.0,3104.6475,2.5383333333333336,237,3,3,1,0,1,1,1389.9999999998727,2.0,confirmed,0,4UHVz7KshXmHEyE1zwVdcjBGHDoTzQv64wo23JW3TLj5RtnGbkaKvxghViVkUii2JUWEDXRnGUCQP5WJduxxcYiX,413447519,413447521.0
2026-04-15T19:35:29.649064+00:00,rpc,sample_under_cap,250000,40,10,20,0.0,0.0,0.0,0.0,3104.6475,2.5383333333333336,237,3,3,1,0,0,0,1500.0,4.0,confirmed,0,rjY4imxtiN74fz3vPrRYwWAsDCk7cAiwmrCEa4eHuxAxa6L7iEyiS9cg4UfRLkg9kkqEE2CLwcmS1XjikfgDtst,413447530,413447534.0
2026-04-15T19:35:34.719388+00:00,rpc,sample_under_cap,250000,40,10,20,0.0,0.0,0.0,0.0,3104.6475,2.5383333333333336,237,3,3,1,0,0,0,3077.9999999999745,4.0,confirmed,0,4vaK6Miy62vd7K7hoVcDeACgYuGZhuPkjZ65DuM4aR1HajVderK9KaEFgkDoFtSotQni55pYEiHt9C2Y5FS6Pp3T,413447544,413447548.0
2026-04-15T19:35:40.042016+00:00,rpc,sample_under_cap,200000,100,20,20,0.0,0.0,0.0,0.0,3104.6475,2.5383333333333336,237,3,3,1,0,1,1,1389.9999999998727,2.0,confirmed,0,48LJsYFakzA6vun9rqDyW6CtdMGZtYNaAWwcGMC9c4STthBKW3oisHgZSmeTMpZfMeV8Qy7JuRxK16o2aP1G1tks,413447557,413447559.0
2026-04-15T19:35:43.422783+00:00,rpc,sample_under_cap,200000,100,20,20,0.0,0.0,0.0,0.0,3113.42,2.5383333333333336,237,3,3,1,0,0,1,1375.0,3.0,confirmed,0,5aYg2LcPqBgGJosQpa3MMdJ1NrBYCncaV5B7UtzQa3oUrAoe8spjFGzs36JePbiUiVPUaJT2MHkWUy9JcHdhtRrV,413447565,413447568.0
2026-04-15T19:35:46.728132+00:00,rpc,sample_under_cap,250000,60,15,20,0.0,0.0,0.0,0.0,3113.42,2.5383333333333336,237,3,3,1,0,0,1,1344.000000000051,3.0,confirmed,0,2pgAG1mpE3DaLh9Ey3E34bbBv2dF9A7kFMJe6KHSDDmM5zBKtxgbdQXtmAg9rBmFbC6ngdrvRJVXPPSvUmrncXZe,413447573,413447576.0
2026-04-15T19:35:50.030490+00:00,rpc,sample_under_cap,120000,16,2,20,0.0,0.0,0.0,0.0,3113.42,2.5383333333333336,237,3,3,1,0,1,1,1530.999999999949,2.0,confirmed,0,kmsDPjthAqqiigeETkGv6vnRgzi6H5j55CbvMPoQ8wZ5HyjoGP18cQJvfRibSivKkFybM8mMySQ1voCSun8sqiT,413447582,413447584.0
2026-04-15T19:35:53.493815+00:00,rpc,sample_under_cap,120000,83,10,20,0.0,0.0,0.0,0.0,3113.42,2.5383333333333336,237,3,3,1,0,1,1,500.0,2.0,processed,0,5HJ2h28iLSiwzov6VpfBUwtczZCKGVzWfwfNZ5vSfB1tdLzsV4D5QcPfDcLscxJyMHoU6XAQek46cdTAHmLz85un,413447590,413447592.0
2026-04-15T19:35:55.951218+00:00,rpc,sample_under_cap,300000,66,20,20,0.0,0.0,0.0,0.0,3113.42,2.5383333333333336,237,3,3,1,0,1,1,1297.0000000000255,2.0,confirmed,0,4fgDu62zbrNG13vADU1AsymES8nCuUzgEVBgX5c3nfywndYNf82UaV8NNsiCdm1D2eMQKP6p5yoRd6jdTdQQ4Wam,413447597,413447599.0
2026-04-15T19:35:59.141790+00:00,rpc,sample_under_cap,250000,8,2,20,0.0,0.0,0.0,0.0,3113.42,2.5383333333333336,237,3,3,1,0,0,0,2219.000000000051,5.0,confirmed,0,2aXH7bviXSm883jnnDuRSJMFBmG1vczJRcA8MYRCGPPL2QMzvWZN2qv4p73CAo17Lt2GFKgaQbc8dSH9PVvoKyL6,413447604,413447609.0
2026-04-15T19:36:03.267933+00:00,rpc,sample_under_cap,250000,60,15,20,0.0,0.0,0.0,0.0,3113.42,2.5383333333333336,237,3,3,1,0,0,1,1405.999999999949,3.0,confirmed,0,8hJDbo3xNkh54syVPjqhPDmWCmLsMPPx9JsvGDWvj4hje9LhWpPjNzUD986THNcwTo1hVYqx5wBJKHZ6Fj7RTXx,413447615,413447618.0
2026-04-15T19:36:06.536014+00:00,rpc,sample_under_cap,250000,60,15,20,0.0,0.0,0.0,0.0,3113.42,2.5383333333333336,237,3,3,1,0,1,1,1344.000000000051,2.0,confirmed,0,o74VVJTVQnJgvDyaAjhdDRT5QktDnitayxm54XBuiX6PjRyYA1DUmo1pVm6f41hyHk3MyCgWCrmcBt3R1pSKSfj,413447624,413447626.0
2026-04-15T19:36:09.753493+00:00,rpc,sample_under_cap,160000,31,5,20,0.0,0.0,0.0,0.0,3113.42,2.5383333333333336,237,3,3,1,0,0,0,11125.0,28.0,confirmed,0,2i4up6cQ2TWyRSH61kS166ohumfsbD8W1DbmX9oV1aNMVhVRRuPg8uDVGMLADyQ8d7Kiyjtmq11bWLePT5sEG6uX,413447632,413447660.0
2026-04-15T19:43:45.202436+00:00,rpc,sample_under_cap,160000,237,38,50,0.0,0.0,0.0,0.0,3210.8358333333335,2.5316666666666667,237,3,3,1,0,0,0,2155.999999999949,4.0,confirmed,0,2DQDu1osGmW4YuN3JnLhoU25iGdjkJBYXogS75WFY6h8VENqqEboVJaQMuwnTaXQDZNErCUfo96G2ASrwZaDtxgR,413448776,413448780.0
2026-04-15T19:43:50.299157+00:00,rpc,sample_under_cap,160000,237,38,50,0.0,0.0,0.0,0.0,3210.8358333333335,2.5316666666666667,237,3,3,1,0,1,1,1344.000000000051,2.0,confirmed,0,5ijVp4N3HzzJnjkjkuV9zziBVLR7ucfMfUENF3u17n8B5Nbej7cguLN36EEFk6Z8rkHyYyTGNtsd2tJCpQpxHCki,413448789,413448791.0
2026-04-15T19:43:54.524860+00:00,rpc,sample_under_cap,200000,125,25,50,0.0,0.0,0.0,0.0,3210.8358333333335,2.5316666666666667,237,3,3,1,0,0,0,2202.9999999999745,4.0,confirmed,0,51hj7HyPWS7DQdgPRzprPyUez4f7er1Lk6zmJkKw39LAtZ6zc5v6cGZ9uz1jzsNY83nANtejbDQ3bunEJZhcJMq8,413448800,413448804.0
2026-04-15T19:43:59.667596+00:00,rpc,sample_under_cap,200000,125,25,50,0.0,0.0,0.0,0.0,3210.8358333333335,2.5316666666666667,237,3,3,1,0,1,1,1327.9999999999745,2.0,confirmed,0,4EbhhRehocqMk2VCy9WMhXpuB9YXNRHknFyqGdQ8kA277EXJ2CmBT35q1ei3ehTFDMLpLjzXpiTVscsjppRJH7iL,413448813,413448815.0
2026-04-15T19:44:03.922239+00:00,rpc,sample_under_cap,120000,208,25,50,0.0,0.0,0.0,0.0,3210.8358333333335,2.5316666666666667,237,3,3,1,0,0,0,2250.0,5.0,confirmed,0,5n45j2XSp9GuPJqzA9jgFXe7YD6a4yHqU7FGheCLNLwtN9VCvramUxUMrjH53T7t534XZoY57ZnEBDYj2QLh1Hvb,413448823,413448828.0
2026-04-15T19:44:09.104198+00:00,rpc,sample_under_cap,200000,125,25,50,0.0,0.0,0.0,0.0,3210.8358333333335,2.5316666666666667,237,3,3,1,0,0,1,1360.0000000001273,3.0,confirmed,0,4gDMT677SQuMWsPze4jzAV47bcAYKxbQjC6GU7T8wLEw9VjmF1TuS6jbbayzfqEvzhQjjyxD4JjxWFReNUtRkG7r,413448837,413448840.0
2026-04-15T19:44:13.380098+00:00,rpc,sample_under_cap,300000,126,38,50,0.0,0.0,0.0,0.0,3210.8358333333335,2.5316666666666667,237,3,3,1,0,1,1,1311.9999999998981,2.0,confirmed,0,4EENkMeF114KT4MtP8cuMgWZ2JnSm9mLir3Qq2mkvpjfD3QfnmqypsG74ZQNbr8PW9XraXeaKvnaUjLiuHwmY2Vx,413448848,413448850.0
2026-04-15T19:44:17.627008+00:00,rpc,sample_under_cap,200000,60,12,50,0.0,0.0,0.0,0.0,3210.8358333333335,2.5316666666666667,237,3,3,1,0,0,0,2157.000000000153,5.0,confirmed,0,3j58UBujxTvFpETjPssRADYuMUuT4Dw6wWbdtP2JgZ74xXaQ8K1bcxAMsME8xXDrWCwjwVAqCn8VUY5GBpsg2T8u,413448859,413448864.0
2026-04-15T19:44:22.701126+00:00,rpc,sample_under_cap,160000,237,38,50,0.0,0.0,0.0,0.0,3210.8358333333335,2.5316666666666667,237,3,3,1,0,0,1,1358.9999999999236,3.0,confirmed,0,4aBk7EBYLULa8k7kijmyjj55AhGdw2Je7u2ZdxT25fh5PJSBh5FR2WxYg41vxwj8HBZ2P2nBff4ZMV41nuZdUr1h,413448872,413448875.0
2026-04-15T19:44:26.966236+00:00,rpc,sample_under_cap,250000,152,38,50,0.0,0.0,0.0,0.0,3210.8358333333335,2.5316666666666667,237,3,3,1,0,1,1,1391.0000000000764,2.0,confirmed,0,CTZEriFSjreVedBCtp45zjFyCYE8nWtpzCsKqKFw8qLPAQJAwxCeWzFksaXSDPwsr5KksP8ryrt2WSMTos9fMEQ,413448883,413448885.0
2026-04-15T19:44:31.303609+00:00,rpc,sample_under_cap,200000,125,25,50,0.0,0.0,0.0,0.0,3210.8358333333335,2.5316666666666667,237,3,3,1,0,1,1,1344.000000000051,2.0,confirmed,0,3amKrAB1Q9Wd3NZeGAkLbC8qw3ZKyBCE5cKm9T3ettoUDYvv3zGwo7NxRTo2Jow6a4yf9vtkGcS1p5XEZMvUgVhb,413448895,413448897.0
2026-04-15T19:44:35.605364+00:00,rpc,sample_under_cap,160000,156,25,50,0.0,0.0,0.0,0.0,3210.8358333333335,2.5316666666666667,237,3,3,1,0,1,1,1420.9999999998217,2.0,confirmed,0,2pwmPMLRZxyvT7TJBEfqUxtUvW2wsNHeNvNyPR2bDcL2PZrKjLDth1vGvdFs5sHTEq5pE3zspJnAFrhJPrzRmvKy,413448906,413448908.0
2026-04-15T19:44:39.908738+00:00,rpc,sample_under_cap,160000,237,38,50,0.0,0.0,0.0,0.0,3210.8358333333335,2.5316666666666667,237,3,3,1,0,1,1,1405.999999999949,2.0,confirmed,0,2NhgKXTdA1V5nDw1SrddS1nEN48sHAZJyfbQYShnKEss7XieHHeVJA7gac5a8m8qfV4aTrRY1U9osJgTyvrEMiBs,413448917,413448919.0
2026-04-15T19:44:44.216481+00:00,rpc,sample_under_cap,200000,190,38,50,0.0,0.0,0.0,0.0,3212.3141666666666,2.5316666666666667,237,3,3,1,0,1,1,1389.9999999998727,2.0,confirmed,0,2pw4vcxHu8cUhp5M5r4ccHPmDMn9CWNt7dY5BgctPNX3h8P9ZnTt3XHseprTbHcTvU4rzjoZFLqGtei242SsGwt3,413448927,413448929.0
2026-04-15T19:44:48.533935+00:00,rpc,sample_under_cap,160000,31,5,50,0.0,0.0,0.0,0.0,3212.3141666666666,2.5316666666666667,237,3,3,1,0,1,1,1405.999999999949,2.0,confirmed,0,5VhSa7BRZ73h3xTkSZc5nURjgZopYqnXuT5vrjSf4bSGNLt7BPF2uM7ShiSRXVYqQrjBKnhxGbw4LR6eQeqgM7bi,413448938,413448940.0
2026-04-15T19:44:52.890320+00:00,rpc,sample_under_cap,200000,190,38,50,0.0,0.0,0.0,0.0,3212.3141666666666,2.5316666666666667,237,3,3,1,0,1,1,1391.0000000000764,2.0,confirmed,0,3dYvEt7s7i83RqQezuzfMurPAZT1TX2eToZXeMBpqDHBfrEtf5qi5ZgmxrCJWC14J5h7cK4pmbBT9VMZy9VBvZmo,413448950,413448952.0
2026-04-15T19:44:57.216734+00:00,rpc,sample_under_cap,200000,190,38,50,0.0,0.0,0.0,0.0,3212.3141666666666,2.5316666666666667,237,3,3,1,0,1,1,514.9999999998727,2.0,processed,0,2qmo4jABDBskZQsXocUnAqXXQicYiJfw2GQtdfocrp2VDNZVCopYyBrqRteE41RMsDJ1pPLeBoN3rZrnug8u11MZ,413448960,413448962.0
2026-04-15T19:45:00.729635+00:00,rpc,sample_under_cap,200000,125,25,50,0.0,0.0,0.0,0.0,3212.3141666666666,2.5316666666666667,237,3,3,1,0,1,1,1344.000000000051,2.0,confirmed,0,5UEMxJVMDyH48AafAN8VvCGQSmJ52NCEY75MQGGrpZz1NkkipPc9xG5EyjVRE5UWLt494dU9UoNVL8rUUyPk1UZ9,413448970,413448972.0
2026-04-15T19:45:05.015990+00:00,rpc,sample_under_cap,300000,40,12,50,0.0,0.0,0.0,0.0,3212.3141666666666,2.5316666666666667,237,3,3,1,0,1,1,1467.9999999998472,2.0,confirmed,0,66gU1qgKw7B6GgjFMYqbrsbQESWMbAc4zbmkQAmoYtFVj1JfcchGcVWYM5xDr2hEBWuugFr9jYAT7shVwcHzM2ig,413448981,413448983.0
2026-04-15T19:45:09.481555+00:00,rpc,sample_under_cap,160000,156,25,50,0.0,0.0,0.0,0.0,3212.3141666666666,2.5316666666666667,237,3,3,1,0,1,1,1467.9999999998472,2.0,confirmed,0,4ci21SaQeHSLtqfCawNHMv7exKBkp2LDbL49Qj5x3WJnGjPCSKYV9jh4Q31YpTvVDf7ketDULhfTaFEW3G3VqEcB,413448992,413448994.0
2026-04-15T19:45:13.912849+00:00,rpc,sample_under_cap,200000,125,25,50,0.0,0.0,0.0,0.0,3212.3141666666666,2.5316666666666667,237,3,3,1,0,1,1,1327.9999999999745,2.0,confirmed,0,3RfRFvRHHL9p6DMhaDvoFk4wix4Hg1tzbRtBkqmWVDzZMuoJ8fUd6ktS7g7mYsEfy9MxUuWdEgzaWAR7KmJENsUd,413449004,413449006.0
2026-04-15T19:45:18.252110+00:00,rpc,sample_under_cap,200000,125,25,50,0.0,0.0,0.0,0.0,3212.3141666666666,2.5316666666666667,237,3,3,1,0,1,1,1358.9999999999236,2.0,confirmed,0,4TESn4VxfJzCqkzZ1ETapWckmhXKRKm4SQQDsmp2q6Gwdu7nwijrdHXVRARReTTVXERTenHiBF4TTThgkFSJz8sf,413449015,413449017.0
2026-04-15T19:45:22.555972+00:00,rpc,sample_under_cap,250000,200,50,50,0.0,0.0,0.0,0.0,3212.3141666666666,2.5316666666666667,237,3,3,1,0,1,1,1344.000000000051,2.0,confirmed,0,te5aynX3272EpNbwREjyZkGnpFZ8E7FVY9yQwE4YM4pMJ7tbMqG6WKrTEgAhZVsfkH4Whtj63vYHkaXM8naoZo1,413449026,413449028.0
2026-04-15T19:45:26.816672+00:00,rpc,sample_under_cap,250000,152,38,50,0.0,0.0,0.0,0.0,3212.3141666666666,2.5316666666666667,237,3,3,1,0,1,1,516.0000000000764,2.0,processed,0,GyfAd29eNnLmnPTM9GbQYbYdtRcYkdtfo9e8N3qniMsM9XN1W3mWqvr6uUUgHHuR37bH13YuNQerHtEm1nLjtcN,413449037,413449039.0
2026-04-15T19:45:30.218852+00:00,rpc,sample_under_cap,200000,250,50,50,0.0,0.0,0.0,0.0,3212.3141666666666,2.5316666666666667,237,3,3,1,0,1,1,547.0000000000255,2.0,processed,0,4s9PGiXbZRS6JscTtuX9w1R1VXnAVkAceS3Rik1n1VVFtjCBF7ynhqMGLmFG9Wsb8NMwpgMiR62uFZ7VgUf6WkhJ,413449046,413449048.0
2026-04-15T19:45:33.682672+00:00,rpc,sample_under_cap,200000,190,38,50,0.0,0.0,0.0,0.0,3212.3141666666666,2.5316666666666667,237,3,3,1,0,1,1,1405.999999999949,2.0,confirmed,0,4SemunpFmCio8gqxd8MVDrqmTiepvokVgewWqobPET2WUzkgFk73Www4jzwevkoAVK8MfqPFzzENDhyT2jbSQGBy,413449056,413449058.0
2026-04-15T19:45:37.992715+00:00,rpc,sample_under_cap,300000,126,38,50,0.0,0.0,0.0,0.0,3212.3141666666666,2.5316666666666667,237,3,3,1,0,1,1,500.0,2.0,processed,0,3Mpe7c1FspFabLPG7LtEGWamPAVvfosDjx1NTKLQgoZVZm8apJ12xnM6HTsQW3gRSqsGwNfD1RaoCwuY9u6tgoAV,413449067,413449069.0
2026-04-15T19:45:41.385466+00:00,rpc,sample_under_cap,200000,190,38,50,0.0,0.0,0.0,0.0,3216.1033333333335,2.5325,237,3,3,1,0,0,0,2907.000000000153,6.0,confirmed,0,31gHVmuKfaQruiCbNZEuyCpx7j785LXFPFTFoZHtsCJS6qzfPSv6mb3QWYmad4tLMqxxWZeVU8qA12cjjzPWjEfx,413449074,413449080.0
2026-04-15T19:45:47.198121+00:00,rpc,sample_under_cap,200000,250,50,50,0.0,0.0,0.0,0.0,3216.1033333333335,2.5325,237,3,3,1,0,1,1,1327.9999999999745,2.0,confirmed,0,4GAJR6MNVMSrTuY1s63SJT7L1Ti5s37H4RRZFw2cmt6TP279S5zBo5j5KSFHoCBTPmURFhEdezkFZboUZ2PGbTAL,413449088,413449090.0
2026-04-15T19:45:51.441237+00:00,rpc,sample_under_cap,200000,125,25,50,0.0,0.0,0.0,0.0,3216.1033333333335,2.5325,237,3,3,1,0,0,1,1422.0000000000255,3.0,confirmed,0,5rAnwh3Sg2L6g3aYfbY2hRrKcm4TRG6DSijPjsFQykKNXxfd6zT6xTLdZ5wagLyqYSJUXpB9m5steDALR2QWsruS,413449098,413449101.0
2026-04-15T19:45:55.804210+00:00,rpc,sample_under_cap,300000,83,25,50,0.0,0.0,0.0,0.0,3216.1033333333335,2.5325,237,3,3,1,0,1,1,1313.0000000001019,2.0,confirmed,0,3wtrS1vryqXtvnoEj5Mn1dYgTnBm1xWsZWYEH1ZYXUAomjmyqgfyByCthaxYjT3sKg77Csiu5Cqhk4aAp67KLnAR,413449110,413449112.0
2026-04-15T19:46:00.156072+00:00,rpc,sample_under_cap,200000,250,50,50,0.0,0.0,0.0,0.0,3216.1033333333335,2.5325,237,3,3,1,0,1,1,1327.9999999999745,2.0,confirmed,0,2mvoLzLEuN81WhunHcWtw5P7ZfwMTKHRXo6esSjAJWvX8eV3LzCGgBtCkaXGzqAdmDQwzrf23BboE8KwpycKddkU,413449122,413449124.0
2026-04-15T19:46:04.451581+00:00,rpc,sample_under_cap,300000,40,12,50,0.0,0.0,0.0,0.0,3216.1033333333335,2.5325,237,3,3,1,0,1,1,1389.9999999998727,2.0,confirmed,0,3aRWeLtpGUB26WQoxN45rsiqMnyzNRNrJmThCAjU2kadegJJSQtZEFmZzzWTxiDghhdmSMqGuXDp8TQWWyqZGKtX,413449133,413449135.0
2026-04-15T19:46:08.802234+00:00,rpc,sample_under_cap,120000,416,50,50,0.0,0.0,0.0,0.0,3216.1033333333335,2.5325,237,3,3,1,0,1,1,1342.9999999998472,2.0,confirmed,0,3rbPeaW94wVR7AJXjWqZkAYEyMJnhqcTojCUh57sW3ry9tiZQHWA8dc4vzgbcmNZd4XyCf8kSb1YqJbHLR3SukM2,413449144,413449146.0
2026-04-15T19:46:13.098861+00:00,rpc,sample_under_cap,300000,83,25,50,0.0,0.0,0.0,0.0,3216.1033333333335,2.5325,237,3,3,1,0,1,1,1391.0000000000764,2.0,confirmed,0,3BvcvrtFpfZT4TWVLcNih5wBmhDHH7DtAg8XwAanwkKjUYopTwF5NXxVUDJgn8zp38Ey8UbvNcQzjrvZqeiW6747,413449153,413449155.0
2026-04-15T19:46:17.435322+00:00,rpc,sample_under_cap,160000,237,38,50,0.0,0.0,0.0,0.0,3216.1033333333335,2.5325,237,3,3,1,0,0,0,2172.0000000000255,5.0,confirmed,0,5mGKmqCJvpqzJAUsWktPZL8WuYLFJFJ9Ng1SCnihgm77XwhWfadMb13xbNuAPkFFaBMUJkW8KgaFKqVWXq3h8gHH,413449163,413449168.0
2026-04-15T19:46:22.518401+00:00,rpc,sample_under_cap,300000,40,12,50,0.0,0.0,0.0,0.0,3216.1033333333335,2.5325,237,3,3,1,0,1,1,1311.9999999998981,2.0,confirmed,0,4nzdu2JhjXTzRXixEqrNffsJ3neTB1c1ckWwQKzQjx1JgquHyxst16x1uWdCRdsABhojtJJVow3XQr7HivAfgaCF,413449175,413449177.0
2026-04-15T19:46:26.781966+00:00,rpc,sample_under_cap,200000,190,38,50,0.0,0.0,0.0,0.0,3216.1033333333335,2.5325,237,3,3,1,0,0,1,1422.0000000000255,3.0,confirmed,0,4JjvVa5NuGrMZAVLit9VQMNke74a9rPXMZh6zkv5mYMKb5quxj7Sg3emf7Hjd8HCFwaeNTnF84vazHcumQwwXo5Q,413449185,413449188.0
2026-04-15T19:46:31.094163+00:00,rpc,sample_under_cap,160000,156,25,50,0.0,0.0,0.0,0.0,3216.1033333333335,2.5325,237,3,3,1,0,0,1,1389.9999999998727,3.0,confirmed,0,4kabZwmeHTGw82AYKXnG3cvUEG9V4YTY5UhG3w1TZpYht2bD7FFr5eQ9sHedEw4nhf4ZU8TcYyB8pFYu7Cf6ePLC,413449196,413449199.0
2026-04-15T19:46:35.465539+00:00,rpc,sample_under_cap,160000,156,25,50,0.0,0.0,0.0,0.0,3216.1033333333335,2.5325,237,3,3,1,0,0,0,1436.9999999998981,4.0,confirmed,0,XRNcasbApnv2AGDaAv7i3ZkYXSvExLeZZmLktWhTeKb51PobiQDWhLpU2copeCNBh9pDBA9GPzW2XbNDXR3xjXT,413449208,413449212.0
2026-04-15T19:46:39.816853+00:00,rpc,sample_under_cap,160000,31,5,50,0.0,0.0,0.0,0.0,3216.1033333333335,2.5325,237,3,3,1,0,0,1,1436.9999999998981,3.0,confirmed,0,3np94V6fp2o6vG3XFn6oUP8wFsg5ffFm6AGNXwTgBB8EyL4szdMpJ4G3dpWSH4u6FbUke4GU4YZUKQSuu2WDePJo,413449219,413449222.0
2026-04-15T19:46:44.182925+00:00,rpc,sample_under_cap,200000,60,12,50,0.0,0.0,0.0,0.0,3220.1008333333334,2.5275,237,3,3,1,0,0,1,1391.0000000000764,3.0,confirmed,0,4PD4RYrrMeyzvFjQu1gsqmE6GmiNcxk5JPvS1k8G7Xhmogs7V6LRQ5wcDBax1WyMJoouLHaStYcKnxRMvEtPabTv,413449230,413449233.0
2026-04-15T19:46:48.495185+00:00,rpc,sample_under_cap,160000,75,12,50,0.0,0.0,0.0,0.0,3220.1008333333334,2.5275,237,3,3,1,0,0,0,2954.0000000001783,6.0,confirmed,0,4E2tZT7teDBzyzoAFDBZPP21eZ9MoxaAQ94pvMSkFFhBMsTqcJAiNKQ9zHPewbhJzFoHtekiw4qiK4qjuKJ5k89W,413449242,413449248.0
2026-04-15T19:46:54.398983+00:00,rpc,sample_under_cap,200000,125,25,50,0.0,0.0,0.0,0.0,3220.1008333333334,2.5275,237,3,3,1,0,1,1,1360.0000000001273,2.0,confirmed,0,4NJyvQWPpCD8dRzRtqjkUdpVvivmccEwD6GhBBAauw67EgsHqQg7BhwsArGSC7yvK35GqdHgFT3LkYgzJ9Mj5aPa,413449256,413449258.0
2026-04-15T19:46:58.684058+00:00,rpc,sample_under_cap,250000,100,25,50,0.0,0.0,0.0,0.0,3220.1008333333334,2.5275,237,3,3,1,0,1,1,516.0000000000764,2.0,processed,0,2uzkdipWuxNZ6etNPRQywnDhhpJ2ii5Xv6BHkyy1Dfw4o6WbdQ6fGAFgC4AsDqoNr4TUHF6ALFsP55ruGraZr7Pd,413449267,413449269.0
2026-04-15T19:47:02.182290+00:00,rpc,sample_under_cap,160000,75,12,50,0.0,0.0,0.0,0.0,3220.1008333333334,2.5275,237,3,3,1,0,1,1,1407.0000000001528,2.0,confirmed,0,2zamjrpmnv7NpKSPYhdQpZwZqz2oHGxHyUqqYMXxRWr2zMMBx9xdLcNrU3x1jXZSWb7rbFJj5wfDAVXrqbXkkMob,413449276,413449278.0
2026-04-15T19:47:06.503857+00:00,rpc,sample_under_cap,160000,237,38,50,0.0,0.0,0.0,0.0,3220.1008333333334,2.5275,237,3,3,1,0,0,1,1297.0000000000255,3.0,confirmed,0,YQmeZk7CvG2CTZBnvMK9MdpU1Y5yRNVVSixnjx1G6A2QKi8DfAyhR2cZF6uQVru1vsVdvtweRAjzcFPJThdjnNb,413449289,413449292.0
2026-04-15T19:47:10.731642+00:00,rpc,sample_under_cap,160000,156,25,50,0.0,0.0,0.0,0.0,3220.1008333333334,2.5275,237,3,3,1,0,1,1,1422.0000000000255,2.0,confirmed,0,5Gt9fSRPNRo4NmFMCdTP5YaAeWqzePKfY3SpsPnjTNn7CKdaK4ZbKnhZGSgfbzRcYDXNJXsGSvYNnxLmzvysDt1Q,413449300,413449302.0
2026-04-15T19:47:15.095035+00:00,rpc,sample_under_cap,250000,152,38,50,0.0,0.0,0.0,0.0,3220.1008333333334,2.5275,237,3,3,1,0,0,1,1280.999999999949,3.0,confirmed,0,35XABhsiZbsptunzPUY9FqsRmyH16ALtmvJnX5bDM5ykVacEtH2nAWzfHPN3kexQ5giLFLSeam3oj1RAET1op1pf,413449311,413449314.0
2026-04-15T19:47:19.261141+00:00,rpc,sample_under_cap,200000,250,50,50,0.0,0.0,0.0,0.0,3220.1008333333334,2.5275,237,3,3,1,0,1,1,1469.000000000051,2.0,confirmed,0,5Jv1VgsMkFc552iHHdC9T2fAkYHp6oWkxtV1nWVaekymq3CXcNcMMQi6sDyejZUBR376UtZPKhGzK86QrjrRw45j,413449323,413449325.0
2026-04-15T20:02:00.389634+00:00,rpc,sample_under_cap,300000,833,250,500,0.0,0.0,0.0,0.0,3148.0866666666666,2.5283333333333333,237,3,3,1,0,0,0,2891.0000000000764,7.0,confirmed,0,62AhSCiS68L1HnxAq5k8wtduPvXc1BaqyGK65zLPtmcUCxBqmTxXYssUZLQ8uHuLcuA949TBW67rsJaqL7axXwHE,413451550,413451557.0
2026-04-15T20:02:06.175937+00:00,rpc,sample_under_cap,250000,1500,375,500,0.0,0.0,0.0,0.0,3148.0866666666666,2.5283333333333333,237,3,3,1,0,0,0,2094.000000000051,4.0,confirmed,0,5S4FEGe89Y7UMN2HNqF3jQa8j27k3b9kQiN3J3ZNfoKGowPUpxW84dfCicwfywXA18fXRkuK6TpcznWyQyEwhw6N,413451564,413451568.0
2026-04-15T20:02:11.166121+00:00,rpc,sample_under_cap,160000,312,50,500,0.0,0.0,0.0,0.0,3148.0866666666666,2.5283333333333333,237,3,3,1,0,0,1,1327.9999999999745,3.0,confirmed,0,4GtbVbcjwUWTsah4Z8LNGFXnEgcoGPYCv769bmdaBRnxEUhz2CPQbv5rteRpA64C8pQHS3gfYZ7MyfVNnCNGnbNY,413451576,413451579.0
2026-04-15T20:02:15.428586+00:00,rpc,sample_under_cap,200000,625,125,500,0.0,0.0,0.0,0.0,3148.0866666666666,2.5283333333333333,237,3,3,1,0,0,0,2358.9999999999236,4.0,confirmed,0,4E6oV23gh8kyiXjoNcJHGYYwZjmMD7ZwbpCZR4DRb82UxcnfEgvwdMg28kfR1uPMdt9Dt6U3aTNPzi52uUvrzXXf,413451588,413451592.0
2026-04-15T20:02:20.714994+00:00,rpc,sample_under_cap,200000,2500,500,500,0.0,0.0,0.0,0.0,3148.0866666666666,2.5283333333333333,237,3,3,1,0,1,1,1358.9999999999236,2.0,confirmed,0,2p9PgmwCAoAjTr6ekzqs2V6hukzqciHQrV5kiGtoXsV68cpn7mxtXW9F1N6bqQFZSpQGg9zSofFYbDA8Fy8tnLfo,413451602,413451604.0
2026-04-15T20:02:25.030782+00:00,rpc,sample_under_cap,300000,166,50,500,0.0,0.0,0.0,0.0,3148.0866666666666,2.5283333333333333,237,3,3,1,0,0,1,1313.0000000001019,3.0,confirmed,0,3Z7R5hGrqhUpkqSPQWJXxM1XhdpDAmQt3YQDELfTrAiykxtYP1XTuNkzJywXg3TnmbVhNJqAD47tTzeHosaH8eMJ,413451613,413451616.0
2026-04-15T20:02:29.252723+00:00,rpc,sample_under_cap,120000,1041,125,500,0.0,0.0,0.0,0.0,3148.0866666666666,2.5283333333333333,237,3,3,1,0,0,0,2108.9999999999236,6.0,confirmed,0,4hAgx6g9F9XhVFkBJdito9ihr2pNdsTL73hJof6rj7hhZoDxWSdKQ9t6P3UNBXBbvdJwa37ZFVBLLUh3uCFrssag,413451623,413451629.0
2026-04-15T20:02:34.283928+00:00,rpc,sample_under_cap,250000,200,50,500,0.0,0.0,0.0,0.0,3148.0866666666666,2.5283333333333333,237,3,3,1,0,0,1,1344.000000000051,3.0,confirmed,0,oPQJJEHcYoKVgXA9s2xB3K6vZFG2q6HKkrnoutTfGVBdpAoXBzkowtaTBgohFxEuNuTpjddbMiyxBJ9VuJ8Y76k,413451636,413451639.0
2026-04-15T20:02:38.622005+00:00,rpc,sample_under_cap,160000,312,50,500,0.0,0.0,0.0,0.0,3148.0866666666666,2.5283333333333333,237,3,3,1,0,1,1,563.0000000001019,2.0,processed,0,4rFSbjGxBbXsEmsphAeVJLWRg2GZyERWocK3Hm5vztwktT7Njbrg3Q8wgda547d6dMx5qdfnujyNJNAKZXqPq97f,413451648,413451650.0
2026-04-15T20:02:42.097975+00:00,rpc,sample_under_cap,160000,1562,250,500,0.0,0.0,0.0,0.0,3152.2275,2.5308333333333333,237,3,3,1,0,1,1,1422.0000000000255,2.0,confirmed,0,33ESrPifh9hzv2rALp38wD5QvQNhBv1V8B77y8vYyfN8TovX5qDefUGbWLFnXUkpSkdPpuX6pFc3fN5rEkBDnj4j,413451657,413451659.0
2026-04-15T20:02:46.450652+00:00,rpc,sample_under_cap,160000,1562,250,500,0.0,0.0,0.0,0.0,3152.2275,2.5308333333333333,237,3,3,1,0,0,0,2186.999999999898,4.0,processed,0,41vpQPpWUrnrTYzcFjuta96mH6CPtX3BDN7GuXPH519kTL8g889upsiN7cPjDdBiZcfv6uBFpM3sH85NRSZPkU4q,413451668,413451672.0
2026-04-15T20:02:51.499232+00:00,rpc,sample_under_cap,250000,1500,375,500,0.0,0.0,0.0,0.0,3152.2275,2.5308333333333333,237,3,3,1,0,0,0,2157.000000000153,4.0,confirmed,0,49Tt46b7Wa7oQLH49E7gL1aTrku1PQ2DF4jWZEZQnVGRZxhkrmo4EiJZ9RPmB6FPrB5S9g4W2FuqRCL3faHarf4D,413451679,413451683.0
2026-04-15T20:02:56.566770+00:00,rpc,sample_under_cap,200000,1875,375,500,0.0,0.0,0.0,0.0,3152.2275,2.5308333333333333,237,3,3,1,0,0,1,1327.9999999999745,3.0,confirmed,0,5rfKV7y8rK7VuLQJWR8MMD8XEfcK9tYkFAks8YfTdZ7LN7CfJwki4ASoHkvuNJrrVoGWCxuTUBsidYthcCakordv,413451692,413451695.0
2026-04-15T20:03:00.816952+00:00,rpc,sample_under_cap,200000,1875,375,500,0.0,0.0,0.0,0.0,3152.2275,2.5308333333333333,237,3,3,1,0,1,1,1282.0000000001528,2.0,confirmed,0,4DQDTvB8UCYVmSn277V1mG4zDDkBjRtivQH623medbFrewMRA129RpkCgB4w97ugX7pFKhWXmmdGJBRafApavpik,413451703,413451705.0
2026-04-15T20:03:05.014798+00:00,rpc,sample_under_cap,160000,1562,250,500,0.0,0.0,0.0,0.0,3152.2275,2.5308333333333333,237,3,3,1,0,1,1,1327.9999999999745,2.0,confirmed,0,5SZpd7MqaUkgZUswHdPQjmeersoMxHarXWu41VaVgNu7ML2g8kGJHsCqCaHXQP22JWbhCpk9NnJrx3uQQ6T939zi,413451713,413451715.0
2026-04-15T20:03:09.256007+00:00,rpc,sample_under_cap,200000,2500,500,500,0.0,0.0,0.0,0.0,3152.2275,2.5308333333333333,237,3,3,1,0,1,1,1342.9999999998472,2.0,confirmed,0,291Cve8nwoBCsUiV6UEyjXcPbmzFAd9F9PCVgEQrcZRtqgFtywjEUg7guJe3LxfJ17EwHgfsUytR7ZeDzvbERBh7,413451724,413451726.0
2026-04-15T20:03:13.570628+00:00,rpc,sample_under_cap,200000,1250,250,500,0.0,0.0,0.0,0.0,3152.2275,2.5308333333333333,237,3,3,1,0,0,1,1344.000000000051,3.0,confirmed,0,4qPtAHrLCRqZDhKLKjPd8M5txQAYw3a2ysErXvTAUCTaTU514aSfRqP7bf4r82gpW6E4VeKw93eRtqoF5BUJbeK3,413451735,413451738.0
2026-04-15T20:03:17.811000+00:00,rpc,sample_under_cap,160000,781,125,500,0.0,0.0,0.0,0.0,3152.2275,2.5308333333333333,237,3,3,1,0,0,1,2172.0000000000255,3.0,confirmed,0,53UtxFZW31rBnDTRsB4LpviAhPNm1aSNfZXHEgAAQcv287C7Pph3fWaZdh5wys46GyTeqGyJ4a1H8JFNcgqfPyJx,413451744,413451747.0
2026-04-15T20:03:23.265799+00:00,rpc,sample_under_cap,160000,3125,500,500,0.0,0.0,0.0,0.0,3152.2275,2.5308333333333333,237,3,3,1,0,1,1,1358.9999999999236,2.0,confirmed,0,4eH9saJHhjyZRGcxMs7Hdm4147D5px9R5UbqndyS6utRt85UhAhrK3kspexpiJfkTxk9sSpbc9KK2We4ZRmyBUay,413451757,413451759.0
2026-04-15T20:03:27.501793+00:00,rpc,sample_under_cap,300000,1666,500,500,0.0,0.0,0.0,0.0,3152.2275,2.5308333333333333,237,3,3,1,0,1,1,1436.9999999998981,2.0,confirmed,0,2v9iqR9tnAcGgNohFc4Fzzr2k1mwoYGxFA28Fu9gYP7yaefWyqU17smZTyyvskpbzkSmBwUEXvr6NZM98ewnJtpy,413451763,413451765.0
2026-04-15T20:03:31.925966+00:00,rpc,sample_under_cap,200000,1875,375,500,0.0,0.0,0.0,0.0,3152.2275,2.5308333333333333,237,3,3,1,0,0,1,1280.999999999949,3.0,processed,0,4rYM8cbNeCNWz3pkZji6bpaLWwKQJhGD8akThogDnA7poLzrBhHsHUqqUmhbGq4xSXC9ouGAfBmLcnfKv8FXZ5MC,413451774,413451777.0
2026-04-15T20:03:36.182674+00:00,rpc,sample_under_cap,160000,1562,250,500,0.0,0.0,0.0,0.0,3152.2275,2.5308333333333333,237,3,3,1,0,0,1,1375.0,3.0,confirmed,0,3uU8rARe2rvPS4VcNRkogUbm8vtEYD7FoWAzbA5bowZC3bgHTecyrgjGTeNPEBYJMxUqkvXjLG6Ufs9w3D29SH4N,413451783,413451786.0
2026-04-15T20:03:40.452340+00:00,rpc,sample_under_cap,160000,1562,250,500,0.0,0.0,0.0,0.0,3152.2275,2.5308333333333333,237,3,3,1,0,1,1,1311.9999999998981,2.0,confirmed,0,3LUMTt4S4H6dQNHPky3MWr49JJqW6MFc3HxWi5ikJY9CKqkjSJ1wg1bJsbPQEMcbs9h95E2zLqJH7A9FBCTSjuRf,413451794,413451796.0
2026-04-15T20:03:44.675853+00:00,rpc,sample_under_cap,160000,312,50,500,0.0,0.0,0.0,0.0,3161.2391666666667,2.5241666666666664,237,3,3,1,0,1,1,1405.999999999949,2.0,confirmed,0,5AmqEus8poX3FJQLmahbUGg5krPAxRHQLhJhrUEMxhvsBAUSorBCKjb5shqEtEFPYs7RUBE5bQ93n71Fk9WbCU4W,413451804,413451806.0
2026-04-15T20:03:48.933836+00:00,rpc,sample_under_cap,300000,166,50,500,0.0,0.0,0.0,0.0,3161.2391666666667,2.5241666666666664,237,3,3,1,0,1,1,1483.9999999999236,2.0,confirmed,0,4PAXtS6AKrTN7gPGa4WNHonTwac9H6jWSnyqmDYitmi7nRW5orKEW1QjkP643kAcHN3jui6FHHNG2WFTTwzVYqRb,413451815,413451817.0
2026-04-15T20:03:53.332585+00:00,rpc,sample_under_cap,250000,1500,375,500,0.0,0.0,0.0,0.0,3161.2391666666667,2.5241666666666664,237,3,3,1,0,0,1,1389.9999999998727,3.0,confirmed,0,XtvuA7FRXRNMqBd6NoroKuEJ8xUA9geq442ypr5v9rM6HRjWkdn96mPndqVbBcDM5BuEqgHdgAW5mKsXjziJ1at,413451826,413451829.0
2026-04-15T20:03:57.672101+00:00,rpc,sample_under_cap,120000,2083,250,500,0.0,0.0,0.0,0.0,3161.2391666666667,2.5241666666666664,237,3,3,1,0,0,0,2155.999999999949,4.0,confirmed,0,2xRDeg9EP3CDQZwuyqHMfH3aCgGbNKoheAm6EkCbHh3BPHrAw1VC99tPuEXwppbyfVBXkz19qHJNVxgu1scA5Va9,413451838,413451842.0
2026-04-15T20:04:02.772834+00:00,rpc,sample_under_cap,300000,1666,500,500,0.0,0.0,0.0,0.0,3161.2391666666667,2.5241666666666664,237,3,3,1,1,1,1,1342.9999999998472,1.0,confirmed,0,39k8QJkFgaizgh6EDkQSBUJiosURrWbNSwhtBN2fnrHfErTBUVGMwU1aShn8mHfuP9SNDbyKNw2fnq6Af2jARRNL,413451851,413451852.0
2026-04-15T20:04:07.090005+00:00,rpc,sample_under_cap,200000,1875,375,500,0.0,0.0,0.0,0.0,3161.2391666666667,2.5241666666666664,237,3,3,1,0,1,1,1358.9999999999236,2.0,confirmed,0,2dg12KMjTMbQzF5cVHxCgS6qz5iVuo2ct9eU4QjhFdd6nYoy2CuwxoFG65YFD2repZ5AMAXZDxArKCM6Vvr4pAFm,413451861,413451863.0
2026-04-15T20:04:11.397968+00:00,rpc,sample_under_cap,250000,500,125,500,0.0,0.0,0.0,0.0,3161.2391666666667,2.5241666666666664,237,3,3,1,0,1,1,1391.0000000000764,2.0,confirmed,0,ZHqHzh9oGpwNjfNn7Q46qQokoC72uYKfn5VU6kyzjpnofcRmzedvDPM5Cc7UWm7YLCggWDFh4WsPm5pKv577rY7,413451873,413451875.0
2026-04-15T20:04:15.682813+00:00,rpc,sample_under_cap,200000,1250,250,500,0.0,0.0,0.0,0.0,3161.2391666666667,2.5241666666666664,237,3,3,1,0,0,1,1344.000000000051,3.0,confirmed,0,33DzM6RDdGLkQDdgG7XUcnzbnHSMc9ZUagJYfnp5L7XZVhdmr8sTJsoG73HcKZP28Vo6edSGXAhM53WGYHQBRpF2,413451884,413451887.0
2026-04-15T20:04:20.096064+00:00,rpc,sample_under_cap,200000,1875,375,500,0.0,0.0,0.0,0.0,3161.2391666666667,2.5241666666666664,237,3,3,1,0,0,1,1422.0000000000255,3.0,confirmed,0,5pEN1sY9nJWTwXGVvBEVyKbLciESB7gemuYud3AHdnNJi6zZsGU1k8KMmtnxPtCawNCWQ2rPFAZGeBgFQV9SNgdD,413451894,413451897.0
2026-04-15T20:04:24.543974+00:00,rpc,sample_under_cap,200000,1875,375,500,0.0,0.0,0.0,0.0,3161.2391666666667,2.5241666666666664,237,3,3,1,0,0,1,1483.9999999999236,3.0,confirmed,0,SihdnT498Ny3V3ofS51EFv2jBqH9b8ehr8YBiRZUrdoY3NrHGQrZM4TraNGV4aW6CAFMPxpMDyM1FxyZMdrhjKx,413451905,413451908.0
2026-04-15T20:04:28.915956+00:00,rpc,sample_under_cap,120000,2083,250,500,0.0,0.0,0.0,0.0,3161.2391666666667,2.5241666666666664,237,3,3,1,0,0,0,2139.9999999998727,4.0,confirmed,0,3pFcjY5vCSpbbnFvoGbf9qwjPZ4eyTaDxH72uFNMrjNhsgwVeWPJFKrvvRtpwS4LrMpCvsr3K7bmtk3c6YP5audg,413451916,413451920.0
2026-04-15T20:04:33.946230+00:00,rpc,sample_under_cap,120000,3125,375,500,0.0,0.0,0.0,0.0,3161.2391666666667,2.5241666666666664,237,3,3,1,0,0,0,1500.0,4.0,processed,0,2uGDYRYd75S1WxC98JQGRdwywDwTHjTbm4GuRsfQ5WHdzEqafNkm6KHD1SZM8fFcUBBaLkzgEXxXKLzUVLamTpQ3,413451928,413451932.0
2026-04-15T20:04:38.335973+00:00,rpc,sample_under_cap,300000,833,250,500,0.0,0.0,0.0,0.0,3161.2391666666667,2.5241666666666664,237,3,3,1,0,0,1,1295.9999999998217,3.0,confirmed,0,3r5y9fH5NG8cHfToG3SqiMzRUpkmk7rqTDXGM4McoNosUPEusY1YodEfVneWgHQHeJRB2s7WzWVWBGyJ1FyxVzS8,413451939,413451942.0
2026-04-15T20:04:42.546867+00:00,rpc,sample_under_cap,200000,1875,375,500,0.0,0.0,0.0,0.0,3171.6158333333333,2.5225,237,3,3,1,0,1,1,1375.0,2.0,confirmed,0,4n9ezrM5iCARBERs3WWfaNvbQsWDyoZzJujUcAbc5RAWGGJKXtspiwq3rzKDh9ySivEdzZ4wvVpryFKZUuZa5LAe,413451951,413451953.0
2026-04-15T20:04:46.831420+00:00,rpc,sample_under_cap,160000,1562,250,500,0.0,0.0,0.0,0.0,3171.6158333333333,2.5225,237,3,3,1,0,0,1,1313.0000000001019,3.0,processed,0,4rg2PVecUdHE7KwjSy5fHTzmEjiiV2nrTbsnMn6RbpBMvW7EDEVYFce6EQKqiKWPFrsXdcBkmQvSGBP7UDWYPmg9,413451962,413451965.0
2026-04-15T20:04:51.068616+00:00,rpc,sample_under_cap,200000,1875,375,500,0.0,0.0,0.0,0.0,3171.6158333333333,2.5225,237,3,3,1,0,0,0,2094.000000000051,4.0,confirmed,0,55yaVrLo3dVeYMzQ7vvqrQdX2sNcvQv5rUqVGj89kXiaW2PAFTcY9tUMap2r6FiE8yo8cNd27ehqRitjKNEkKkzn,413451972,413451976.0
2026-04-15T20:04:56.066788+00:00,rpc,sample_under_cap,200000,1250,250,500,0.0,0.0,0.0,0.0,3171.6158333333333,2.5225,237,3,3,1,0,1,1,1280.999999999949,2.0,confirmed,0,4cCTou4EnceLMCqXCvpNeSy5jwckgT6wo9yktvHAMhRgfDH2XtjVhrkDPfsfw8VXj7Y8vhhttPVpaSeF32VztYe1,413451982,413451984.0
2026-04-15T20:05:00.245236+00:00,rpc,sample_under_cap,200000,1250,250,500,0.0,0.0,0.0,0.0,3171.6158333333333,2.5225,237,3,3,1,0,1,1,1359.0000000003783,2.0,confirmed,0,2WdR6A1pgNdBMDhhpSZLFVxs2KvEUrZ9wwdH7aCQhcjNPszDQfcKferVGyibeZDhfiBEKbR46oEVfnEokENFw9Mx,413451993,413451995.0
2026-04-15T20:05:04.501514+00:00,rpc,sample_under_cap,250000,1000,250,500,0.0,0.0,0.0,0.0,3171.6158333333333,2.5225,237,3,3,1,0,1,1,1389.999999999418,2.0,confirmed,0,5UgZHVYxjHoB5YejZncYcoFqqj884tXrNZPKwT9BfsoPpREgwtumgrC3nzGzodLnkKtwKfYYrEVs2mH8AR2FRoSh,413452004,413452006.0
2026-04-15T20:05:08.848651+00:00,rpc,sample_under_cap,250000,2000,500,500,0.0,0.0,0.0,0.0,3171.6158333333333,2.5225,237,3,3,1,0,1,1,1342.9999999998472,2.0,confirmed,0,2NV3qUE6R8NghZj9WQo6oUgcqv32kG9tMpVUg94V5BDxLEQMZXYiJgs3zCNjhTorDpg5yau2REHu9sJWJSi9M24w,413452015,413452017.0
2026-04-15T20:05:13.099978+00:00,rpc,sample_under_cap,200000,2500,500,500,0.0,0.0,0.0,0.0,3171.6158333333333,2.5225,237,3,3,1,0,1,1,1313.0000000001019,2.0,confirmed,0,3NgfBG43qJDuNSVQ3V1rw5Ahj5H9eUYZrNxEAbMTqt8fMNzYkbZkbMTHaD8rsb4XSgbwBQuy9RpGw8ePpW45gCxD,413452026,413452028.0
2026-04-15T20:05:17.305991+00:00,rpc,sample_under_cap,200000,2500,500,500,0.0,0.0,0.0,0.0,3171.6158333333333,2.5225,237,3,3,1,0,1,1,1327.9999999995198,2.0,confirmed,0,3uVPSZPAEX15B3rTJe52qiULJLSJEyNdfAnExM45PPgxtATmMkY6Va2aq6TaLj6DNp2XTpMKB9aMGr6mveGSkVCv,413452037,413452039.0
2026-04-15T20:05:21.553992+00:00,rpc,sample_under_cap,160000,1562,250,500,0.0,0.0,0.0,0.0,3171.6158333333333,2.5225,237,3,3,1,0,1,1,1389.999999999418,2.0,confirmed,0,VCDPgzfrVHDzHkMEVKUw9WMUBLvr11xa3fPcbPxKQwhpzP6kuJxF1JL1tFV2VsjpyVA7yucHEuyRQRtd6cBrDz4,413452048,413452050.0
2026-04-15T20:05:25.852079+00:00,rpc,sample_under_cap,250000,200,50,500,0.0,0.0,0.0,0.0,3171.6158333333333,2.5225,237,3,3,1,0,0,1,1375.0,3.0,confirmed,0,3V2gcbTtL16rWjwRfV5Xk7M3Cfgs4enP4xFjBYspGDYCuEtf9kF3fEQspWej6bLum3K8XKvvKPTZhcJpxtgMQWij,413452059,413452062.0
2026-04-15T20:05:30.361978+00:00,rpc,sample_under_cap,200000,2500,500,500,0.0,0.0,0.0,0.0,3171.6158333333333,2.5225,237,3,3,1,0,1,1,1390.0000000003274,2.0,confirmed,0,4d2viFW228Y74L6f84kuWXAY7CyQ8KiLHpawujCtDPmgF3JUVYngaxvkox7YjppWZR2ndfN8odQKf3Yd3pZ9KCQy,413452070,413452072.0
2026-04-15T20:05:34.661977+00:00,rpc,sample_under_cap,300000,1250,375,500,0.0,0.0,0.0,0.0,3171.6158333333333,2.5225,237,3,3,1,0,1,1,1327.9999999995198,2.0,confirmed,0,59FHxh1mdwu7dpLjNP4gQUsYnGNg3tKJbmZwtE63KhPzMFcZgCNAJ6HBNqiyKqBNaaPPffJrfChMk5nYVQQC2FYC,413452081,413452083.0
2026-04-15T20:05:38.969952+00:00,rpc,sample_under_cap,200000,1250,250,500,0.0,0.0,0.0,0.0,3171.6158333333333,2.5225,237,3,3,1,0,1,1,1515.0000000003274,2.0,confirmed,0,29wZieixS9RJedbyS5jPnceG7uHVk65pd62huNTyN2RmADQsCC7ohKuf7N89eroCTZEBy4DcMMouD2futdPviYHQ,413452092,413452094.0
